index,category,utterance,old_action,new_action,rule,old_labels,new_labels
1,1,what is sin cos tan in real life? just numbers means nothing to me,EXPLAIN,EXPLAIN,(labels-only),"algebraic, curiosity, physical, question, transfer_attempt","algebraic, curiosity, question, transfer_attempt"
9,1,"can you show how these lines actually cut the circle, not just on paper but like a moving one",REPRESENTATION_TRANSLATION,REPRESENTATION_TRANSLATION,(labels-only),"curiosity, diagrammatic, question, representation_shift, request_representation","curiosity, diagrammatic, physical, question, representation_shift, request_representation"
11,1,BPT theorem diagram is easy but like how will i apply it if i have a triangle with like 3 different lines cutting it,REPRESENTATION_TRANSLATION,REPRESENTATION_TRANSLATION,(labels-only),"algebraic, curiosity, diagrammatic, high_confidence, question, representation_shift, request_representation, transfer_attempt","algebraic, curiosity, diagrammatic, high_confidence, physical, question, representation_shift, request_representation, transfer_attempt"
17,1,"the theorem that tangent is perpendicular to radius, can you like show an animation of that, it's hard to imagine",VERBAL_ANALOGY,REPRESENTATION_TRANSLATION,visual->repr_translation,"algebraic, curiosity, diagrammatic, question, representation_shift, request_representation, verbal_analogy","algebraic, curiosity, diagrammatic, question, representation_shift, request_representation"
18,1,"words words words, i want to see numbers, an actual problem",EXPLAIN,WORKED_EXAMPLE,numeric_example->worked_example,"environmental_feedback, self_monitoring","environmental_feedback, example_request, self_monitoring"
20,1,this whole explanation is like totally theoretical can you show a practical example na,EXPLAIN,EXPLAIN,(labels-only),"curiosity, physical, question, transfer_attempt","curiosity, question, transfer_attempt"
24,1,"too much text here, can i just see the formula and an example sum please",EXPLAIN,WORKED_EXAMPLE,numeric_example->worked_example,"algebraic, cognitive_overload, curiosity, environmental_feedback, procedural_focus, question","algebraic, cognitive_overload, curiosity, environmental_feedback, example_request, procedural_focus, question"
25,1,"proof by contradiction is so weird, why do we assume it's true then prove it's false, can you show steps with root 2 example again",SOCRATIC_Q,WORKED_EXAMPLE,numeric_example->worked_example,"abstraction_attempt, algebraic, curiosity, procedural_focus, question","abstraction_attempt, algebraic, curiosity, example_request, procedural_focus, question"
26,1,"can you make this into a drawing, i can't imagine it",VERBAL_ANALOGY,REPRESENTATION_TRANSLATION,visual->repr_translation,"curiosity, diagrammatic, low_confidence, question, self_monitoring, verbal_analogy","curiosity, diagrammatic, low_confidence, question, representation_shift, request_representation, self_monitoring"
34,1,is there like a simpler way to see this? this is too complicated.,SOCRATIC_Q,EXPLAIN,confusion->explain,"curiosity, question, simplification_request","curiosity, question, simplification_request"
37,1,"i just don't understand what this means, can you give me another way to look at it?",SOCRATIC_Q,EXPLAIN,confusion->explain,"curiosity, question","confusion, curiosity, question"
53,1,"too much explanation, my head spinning. can we just do an example?",EXPLAIN,WORKED_EXAMPLE,numeric_example->worked_example,"cognitive_overload, curiosity, question","cognitive_overload, curiosity, example_request, question"
55,1,"all these formulas, it's just numbers. can you tell me why we need to learn this in real life?",EXPLAIN,EXPLAIN,(labels-only),"curiosity, physical, question, transfer_attempt","curiosity, question, transfer_attempt"
64,1,"parallel lines, intersecting lines, coincident lines. can you show all three types on the same graph, like animated how they change?",EXPLAIN,REPRESENTATION_TRANSLATION,visual->repr_translation,"curiosity, diagrammatic, graphical, question, representation_shift, request_representation","curiosity, diagrammatic, graphical, question, representation_shift, request_representation"
76,1,"this is hard to imagine, can i see a picture or a moving thing for this?",VERBAL_ANALOGY,REPRESENTATION_TRANSLATION,visual->repr_translation,"curiosity, question, representation_shift, request_representation, verbal_analogy","curiosity, question, representation_shift, request_representation"
82,1,"this is all theory na, can you give me a practical example to make it clear?",ANALOGOUS_EXAMPLE,ANALOGOUS_EXAMPLE,(labels-only),"abstraction_attempt, curiosity, example_request, high_confidence, physical, question, transfer_attempt","abstraction_attempt, curiosity, example_request, high_confidence, question, transfer_attempt"
112,1,"this contradiction proof, can we see it like a story or a small animation? i don't get it from just reading.",VERBAL_ANALOGY,REPRESENTATION_TRANSLATION,visual->repr_translation,"abstraction_attempt, algebraic, confusion, curiosity, environmental_feedback, question, representation_shift, request_representation, verbal_analogy","abstraction_attempt, algebraic, confusion, curiosity, environmental_feedback, question, representation_shift, request_representation"
119,1,"i don't understand this, is there another way to show this concept, like a real life example?",EXPLAIN,EXPLAIN,(labels-only),"abstraction_attempt, curiosity, physical, question, transfer_attempt","abstraction_attempt, confusion, curiosity, question, transfer_attempt"
120,1,"sir i can't understand this part, can you show it like with a picture or something?",REPRESENTATION_TRANSLATION,REPRESENTATION_TRANSLATION,(labels-only),"curiosity, low_confidence, question, representation_shift, request_representation, self_monitoring","confusion, curiosity, low_confidence, question, representation_shift, request_representation, self_monitoring"
126,1,can you like draw it out for me? i can't understand from just reading this much.,REPRESENTATION_TRANSLATION,REPRESENTATION_TRANSLATION,(labels-only),"curiosity, diagrammatic, environmental_feedback, low_confidence, question, representation_shift, request_representation, self_monitoring","confusion, curiosity, diagrammatic, environmental_feedback, low_confidence, question, representation_shift, request_representation, self_monitoring"
142,1,"Too much text here, can i just see the formula and an example sum please?",EXPLAIN,WORKED_EXAMPLE,numeric_example->worked_example,"algebraic, cognitive_overload, curiosity, environmental_feedback, procedural_focus, question","algebraic, cognitive_overload, curiosity, environmental_feedback, example_request, procedural_focus, question"
144,1,"i don't understand what is going on here, can you tell me in simple english?",SOCRATIC_Q,EXPLAIN,confusion->explain,"curiosity, question, simplification_request","confusion, curiosity, question, simplification_request"
169,1,"this contradiction thing, it's hard to grasp. can you show an example with just simple numbers or a very simple statement instead of complex math?",EXPLAIN,WORKED_EXAMPLE,numeric_example->worked_example,"curiosity, question, simplification_request","curiosity, example_request, question, simplification_request"
170,1,is this even useful in real life? i don't get why we are learning this.,EXPLAIN,EXPLAIN,(labels-only),"confusion, curiosity, physical, question, transfer_attempt","confusion, curiosity, question, transfer_attempt"
178,1,"this whole thing is just making me blank, is there a simpler way to explain it to me?",SOCRATIC_Q,EXPLAIN,confusion->explain,"curiosity, question, simplification_request","curiosity, question, simplification_request"
183,1,"this theory is too abstract, like can you give me a practical example or a simulation?",REPRESENTATION_TRANSLATION,REPRESENTATION_TRANSLATION,(labels-only),"abstraction_attempt, curiosity, example_request, physical, question, representation_shift, request_representation, transfer_attempt","abstraction_attempt, curiosity, example_request, question, representation_shift, request_representation, transfer_attempt"
187,1,"this contradiction proof in real numbers, it's so confusing. can you like show it with some simple daily life logic first?",EXPLAIN,EXPLAIN,(labels-only),"abstraction_attempt, algebraic, confusion, curiosity, physical, question, simplification_request, transfer_attempt","abstraction_attempt, algebraic, confusion, curiosity, question, simplification_request, transfer_attempt"
198,1,"this explanation is too much theory na, can you show it with a practical example?",EXPLAIN,EXPLAIN,(labels-only),"abstraction_attempt, cognitive_overload, curiosity, physical, question, transfer_attempt","abstraction_attempt, cognitive_overload, curiosity, question, transfer_attempt"
201,1,"i can't imagine what this looks like, can you make it into a drawing please?",VERBAL_ANALOGY,REPRESENTATION_TRANSLATION,visual->repr_translation,"curiosity, diagrammatic, low_confidence, question, self_monitoring, verbal_analogy","curiosity, diagrammatic, low_confidence, question, representation_shift, request_representation, self_monitoring"
203,1,"this is too much theory for me, can we see some numbers with it?",EXPLAIN,WORKED_EXAMPLE,numeric_example->worked_example,"abstraction_attempt, cognitive_overload, curiosity, question, self_monitoring","abstraction_attempt, cognitive_overload, curiosity, example_request, question, self_monitoring"
221,1,"this is all too abstract, i don't get the point. can you show me a real-life example where we use this like for something practical?",REPRESENTATION_TRANSLATION,REPRESENTATION_TRANSLATION,(labels-only),"abstraction_attempt, confusion, curiosity, physical, question, representation_shift, request_representation, transfer_attempt","abstraction_attempt, confusion, curiosity, question, representation_shift, request_representation, transfer_attempt"
251,1,"what is the use of all this in real life? can you give me one example, like where this concept is used for something practical?",ANALOGOUS_EXAMPLE,ANALOGOUS_EXAMPLE,(labels-only),"abstraction_attempt, curiosity, example_request, physical, question, transfer_attempt","abstraction_attempt, curiosity, example_request, question, transfer_attempt"
253,1,"This explanation is too academic, like, can you give me an example from my everyday life?",WORKED_EXAMPLE,ANALOGOUS_EXAMPLE,everyday->analogous_example,"curiosity, example_request, question","curiosity, example_request, question"
256,1,"The way this is written is very hard to follow. Can you rephrase it in simpler words, like how my friend would explain it?",SOCRATIC_Q,EXPLAIN,confusion->explain,"curiosity, environmental_feedback, question, simplification_request","curiosity, environmental_feedback, question, simplification_request"
260,1,"I'm not getting the point of this. What exactly are we trying to achieve here? Like, what's the big picture?",REPRESENTATION_TRANSLATION,EXPLAIN,utility->explain,"curiosity, question, representation_shift, request_representation","curiosity, question"
296,1,"like what does AAA similarity actually mean? can you show me two triangles that are similar just by angles, like animate it?",EXPLAIN,REPRESENTATION_TRANSLATION,visual->repr_translation,"algebraic, curiosity, diagrammatic, question, representation_shift, request_representation","algebraic, curiosity, diagrammatic, question, representation_shift, request_representation"
297,1,"this thing is so abstract, i don't get it. can we use like a story or a real life thing to understand?",EXPLAIN,EXPLAIN,(labels-only),"abstraction_attempt, confusion, curiosity, physical, question, transfer_attempt, verbal_analogy","abstraction_attempt, confusion, curiosity, question, transfer_attempt, verbal_analogy"
308,1,This whole chapter is too theoretical. can you give me a more practical example or something I can relate to daily life?,ANALOGOUS_EXAMPLE,ANALOGOUS_EXAMPLE,(labels-only),"curiosity, example_request, physical, question, self_monitoring, transfer_attempt","curiosity, example_request, question, self_monitoring, transfer_attempt"
309,1,"i can't picture this in my head, is there some kind of simulation or interactive thing where I can play with the numbers?",REPRESENTATION_TRANSLATION,REPRESENTATION_TRANSLATION,(labels-only),"cognitive_overload, curiosity, low_confidence, physical, question, representation_shift, request_representation, self_monitoring","cognitive_overload, curiosity, low_confidence, question, representation_shift, request_representation, self_monitoring"
327,1,"why is this even useful? like in real life, where would i use these coordinate geometry formulas?",EXPLAIN,EXPLAIN,(labels-only),"curiosity, physical, question, transfer_attempt","curiosity, question, transfer_attempt"
339,1,"all this theory is so abstract, can you give me one example from real life where this is used? like practical use",ANALOGOUS_EXAMPLE,ANALOGOUS_EXAMPLE,(labels-only),"abstraction_attempt, curiosity, example_request, physical, question, transfer_attempt","abstraction_attempt, curiosity, example_request, question, transfer_attempt"
343,1,collinearity means points on a line right? can you plot three points on graph paper and show me how they are collinear or not? like step by step,REPRESENTATION_TRANSLATION,REPRESENTATION_TRANSLATION,(labels-only),"answer_attempt, curiosity, diagrammatic, example_request, graphical, procedural_focus, question, representation_shift, request_representation","answer_attempt, curiosity, diagrammatic, example_request, graphical, physical, procedural_focus, question, representation_shift, request_representation"
345,1,"this explanation is too complex na, can you tell it in simpler words, like what exactly it means?",SOCRATIC_Q,EXPLAIN,confusion->explain,"curiosity, environmental_feedback, question, simplification_request","curiosity, environmental_feedback, question, simplification_request"
360,1,"all this theory is not entering my head, can we just do some problems? practical examples na.",EXPLAIN,EXPLAIN,(labels-only),"abstraction_attempt, cognitive_overload, curiosity, physical, question, transfer_attempt","abstraction_attempt, cognitive_overload, curiosity, question, transfer_attempt"
366,1,"these 0, 30, 45, 60, 90 degree values for sin cos, how to remember? is there some trick like a table or a hand method?",REPRESENTATION_TRANSLATION,REPRESENTATION_TRANSLATION,(labels-only),"algebraic, curiosity, physical, procedural_focus, question, representation_shift, request_representation, shortcut_seeking, tabular","algebraic, curiosity, procedural_focus, question, representation_shift, request_representation, shortcut_seeking, tabular"
386,1,"it's all theory only na. give me one real-life example where this is used, i can understand better then.",WORKED_EXAMPLE,ANALOGOUS_EXAMPLE,everyday->analogous_example,"abstraction_attempt, curiosity, example_request, question, self_monitoring","abstraction_attempt, curiosity, example_request, question, self_monitoring"
390,1,"this is too abstract, how is it useful in daily life? like for what reason we are studying this?",EXPLAIN,EXPLAIN,(labels-only),"abstraction_attempt, curiosity, physical, question, transfer_attempt","abstraction_attempt, curiosity, question, transfer_attempt"
408,1,"the examples are just numbers, but i need to see it applied to a real situation. like, what's a practical problem for this?",REPRESENTATION_TRANSLATION,REPRESENTATION_TRANSLATION,(labels-only),"curiosity, physical, question, representation_shift, request_representation, self_monitoring, transfer_attempt","curiosity, question, representation_shift, request_representation, self_monitoring, transfer_attempt"
411,1,"this is too hard to understand from just words, can you show me a picture or like a small summary table?",EXPLAIN,REPRESENTATION_TRANSLATION,visual->repr_translation,"curiosity, environmental_feedback, frustration, question, representation_shift, request_representation, tabular","curiosity, environmental_feedback, frustration, question, representation_shift, request_representation, tabular"
414,1,why are we even learning this? can you give me like one real-world example?,WORKED_EXAMPLE,ANALOGOUS_EXAMPLE,everyday->analogous_example,"curiosity, example_request, question","curiosity, example_request, question"
422,1,"this proof by contradiction method is like mind games, can you explain it with a normal everyday example not math example?",SOCRATIC_Q,ANALOGOUS_EXAMPLE,everyday->analogous_example,"abstraction_attempt, algebraic, curiosity, procedural_focus, question","abstraction_attempt, algebraic, curiosity, example_request, procedural_focus, question"
445,1,"sin cos tan, it's always about opposite, hypotenuse. but which one is opposite? can you like animate it so i see clearly as the angle changes?",EXPLAIN,REPRESENTATION_TRANSLATION,visual->repr_translation,"algebraic, curiosity, diagrammatic, high_confidence, question","algebraic, curiosity, diagrammatic, high_confidence, question, representation_shift, request_representation"
448,1,"all this math is too abstract for me. can you show me where i would actually use this in real life, like with a picture or a video?",REPRESENTATION_TRANSLATION,REPRESENTATION_TRANSLATION,(labels-only),"abstraction_attempt, curiosity, environmental_feedback, physical, question, representation_shift, request_representation, self_monitoring, transfer_attempt","abstraction_attempt, curiosity, environmental_feedback, question, representation_shift, request_representation, self_monitoring, transfer_attempt"
450,1,"i can't understand this without seeing it with my own eyes. can we use like blocks or something to make it physical, not just on screen?",REPRESENTATION_TRANSLATION,REPRESENTATION_TRANSLATION,(labels-only),"curiosity, environmental_feedback, low_confidence, physical, question, representation_shift, request_representation, self_monitoring","confusion, curiosity, environmental_feedback, low_confidence, physical, question, representation_shift, request_representation, self_monitoring"
453,1,this concept is very abstract na. can you give me a more practical example?,ANALOGOUS_EXAMPLE,ANALOGOUS_EXAMPLE,(labels-only),"abstraction_attempt, curiosity, example_request, physical, question, transfer_attempt","abstraction_attempt, curiosity, example_request, question, transfer_attempt"
455,1,what's the big picture here? like why are we learning this? just tell me the main point.,REPRESENTATION_TRANSLATION,EXPLAIN,utility->explain,"curiosity, question, representation_shift, request_representation, shortcut_seeking","curiosity, question, shortcut_seeking"
459,1,"what exactly is an irrational number? like in real life, can you give an example that is not a number, like what else is irrational?",ANALOGOUS_EXAMPLE,ANALOGOUS_EXAMPLE,(labels-only),"curiosity, example_request, physical, question, transfer_attempt","curiosity, example_request, question, transfer_attempt"
463,1,"this explanation is too theoretical, can we try a practical example with numbers, please?",WORKED_EXAMPLE,WORKED_EXAMPLE,(labels-only),"curiosity, example_request, physical, question, transfer_attempt","curiosity, example_request, question, transfer_attempt"
479,1,"i am looking at the definition but i don't get what it means practically, can you show me a real life thing where this concept is used?",REPRESENTATION_TRANSLATION,REPRESENTATION_TRANSLATION,(labels-only),"abstraction_attempt, confusion, curiosity, physical, question, representation_shift, request_representation, transfer_attempt","abstraction_attempt, confusion, curiosity, question, representation_shift, request_representation, transfer_attempt"
486,1,"what is this abstract math, give me a real life example na? like where do i use this?",ANALOGOUS_EXAMPLE,ANALOGOUS_EXAMPLE,(labels-only),"abstraction_attempt, curiosity, example_request, physical, question, transfer_attempt","abstraction_attempt, curiosity, example_request, question, transfer_attempt"
513,1,"all these sin 30, cos 45 values, my brain is not storing them. is there some trick like a hand gesture or a table to remember?",REPRESENTATION_TRANSLATION,REPRESENTATION_TRANSLATION,(labels-only),"algebraic, cognitive_overload, curiosity, physical, question, representation_shift, request_representation, self_monitoring, shortcut_seeking, tabular","algebraic, cognitive_overload, curiosity, question, representation_shift, request_representation, self_monitoring, shortcut_seeking, tabular"
514,1,it's all theory theory. can you give a real life example of this concept? like how it's used daily?,ANALOGOUS_EXAMPLE,ANALOGOUS_EXAMPLE,(labels-only),"abstraction_attempt, curiosity, example_request, physical, question, transfer_attempt","abstraction_attempt, curiosity, example_request, question, transfer_attempt"
527,1,can you give me an everyday example for this concept na? like something i can relate to.,WORKED_EXAMPLE,ANALOGOUS_EXAMPLE,everyday->analogous_example,"abstraction_attempt, curiosity, example_request, question, self_monitoring","abstraction_attempt, curiosity, example_request, question, self_monitoring"
536,1,"this is so much theory, where is the practical part? can you show me a real life connection?",REPRESENTATION_TRANSLATION,REPRESENTATION_TRANSLATION,(labels-only),"abstraction_attempt, curiosity, physical, question, representation_shift, request_representation, transfer_attempt","abstraction_attempt, curiosity, question, representation_shift, request_representation, transfer_attempt"
544,1,why are we even studying this? is there any real life use case? like a proper example please na.,EXPLAIN,EXPLAIN,(labels-only),"curiosity, physical, question, transfer_attempt","curiosity, question, transfer_attempt"
553,1,"all this theory na, my head is spinning. can you show one real life problem where we use this, please?",EXPLAIN,EXPLAIN,(labels-only),"abstraction_attempt, cognitive_overload, curiosity, physical, question, transfer_attempt","abstraction_attempt, cognitive_overload, curiosity, question, transfer_attempt"
554,1,"proof by contradiction is like, very confusing. first assume it's true then false? can you like flowchart this logic for me or give a non-math example?",WORKED_EXAMPLE,ANALOGOUS_EXAMPLE,everyday->analogous_example,"abstraction_attempt, algebraic, confusion, curiosity, example_request, graphical, question, self_monitoring, verbal_analogy","abstraction_attempt, algebraic, confusion, curiosity, example_request, graphical, question, self_monitoring, verbal_analogy"
565,1,why are we learning AP? like where do we use this in real life? can you give a simple example from home or something?,ANALOGOUS_EXAMPLE,ANALOGOUS_EXAMPLE,(labels-only),"algebraic, curiosity, example_request, physical, question, simplification_request, transfer_attempt","algebraic, curiosity, example_request, question, simplification_request, transfer_attempt"
572,1,"proof by contradiction is like, we assume opposite and then show it's impossible. but how does that logically prove the original thing? is there a simpler way to understand this method?",SOCRATIC_Q,EXPLAIN,confusion->explain,"abstraction_attempt, algebraic, curiosity, procedural_focus, question, simplification_request","abstraction_attempt, algebraic, curiosity, procedural_focus, question, simplification_request"
575,1,I can't visualize what this concept is talking about. can you give me a simple real-life example to make sense?,WORKED_EXAMPLE,ANALOGOUS_EXAMPLE,everyday->analogous_example,"abstraction_attempt, curiosity, example_request, low_confidence, question, self_monitoring, simplification_request","abstraction_attempt, curiosity, example_request, low_confidence, question, self_monitoring, simplification_request"
584,1,i don't get this concept. can you give me like a super simple everyday example to understand this better?,WORKED_EXAMPLE,ANALOGOUS_EXAMPLE,everyday->analogous_example,"abstraction_attempt, confusion, curiosity, example_request, question, simplification_request","abstraction_attempt, confusion, curiosity, example_request, question, simplification_request"
592,1,"all these formulas are just numbers, how does it look like in real life? any picture for this?",REPRESENTATION_TRANSLATION,REPRESENTATION_TRANSLATION,(labels-only),"curiosity, physical, question, representation_shift, request_representation, transfer_attempt","curiosity, question, representation_shift, request_representation, transfer_attempt"
595,1,"how to remember sin cos tan values for 0, 30, 45, 60, 90? is there a table or like a hand trick to remember easily?",REPRESENTATION_TRANSLATION,REPRESENTATION_TRANSLATION,(labels-only),"algebraic, curiosity, physical, question, representation_shift, request_representation, shortcut_seeking, tabular","algebraic, curiosity, question, representation_shift, request_representation, shortcut_seeking, tabular"
599,1,"the relation between hcf, lcm and product of two numbers, can you explain with a numerical example please? the formula is just abstract for me.",SOCRATIC_Q,WORKED_EXAMPLE,numeric_example->worked_example,"abstraction_attempt, algebraic, curiosity, procedural_focus, question, self_monitoring","abstraction_attempt, algebraic, curiosity, example_request, procedural_focus, question, self_monitoring"
604,1,"this whole explanation is too theoretical, can you show it like a practical problem happening in front of me?",EXPLAIN,EXPLAIN,(labels-only),"curiosity, physical, question, transfer_attempt","curiosity, question, transfer_attempt"
644,1,"proof by contradiction is like, really confusing my brain. can you give a simple everyday example, not math, to show how it works?",WORKED_EXAMPLE,ANALOGOUS_EXAMPLE,everyday->analogous_example,"abstraction_attempt, algebraic, cognitive_overload, confusion, curiosity, example_request, question, self_monitoring, simplification_request","abstraction_attempt, algebraic, cognitive_overload, confusion, curiosity, example_request, question, self_monitoring, simplification_request"
648,1,"sin 60 is root 3 by 2 and cos 30 is also root 3 by 2, i always mix them up. is there a table or a hand trick to remember this?",REPRESENTATION_TRANSLATION,REPRESENTATION_TRANSLATION,(labels-only),"algebraic, answer_attempt, curiosity, low_confidence, physical, question, recurring_error, representation_shift, request_representation, shortcut_seeking, tabular","algebraic, answer_attempt, curiosity, low_confidence, question, recurring_error, representation_shift, request_representation, shortcut_seeking, tabular"
658,1,"The theorem about tangent and radius making 90 degrees, why is it always like that? Can you animate it or something to make me believe it?",EXPLAIN,REPRESENTATION_TRANSLATION,visual->repr_translation,"algebraic, curiosity, diagrammatic, question","algebraic, curiosity, diagrammatic, question, representation_shift, request_representation"
661,1,"i don't understand what the picture means here, can you highlight the important parts for me?",REPRESENTATION_TRANSLATION,REPRESENTATION_TRANSLATION,(labels-only),"curiosity, question, representation_shift, request_representation, self_monitoring","confusion, curiosity, question, representation_shift, request_representation, self_monitoring"
670,1,"how does this contradiction method work? like why do we assume opposite to prove something, can you give an example not from maths?",WORKED_EXAMPLE,ANALOGOUS_EXAMPLE,everyday->analogous_example,"abstraction_attempt, curiosity, example_request, procedural_focus, question","abstraction_attempt, curiosity, example_request, procedural_focus, question"
675,1,why r we learning this? like what is the point of this concept in real life?,EXPLAIN,EXPLAIN,(labels-only),"abstraction_attempt, curiosity, physical, question, transfer_attempt","abstraction_attempt, curiosity, question, transfer_attempt"
689,1,"this whole thing is like too abstract, can you make it like a real-world example instead of just formulas?",SOCRATIC_Q,ANALOGOUS_EXAMPLE,everyday->analogous_example,"abstraction_attempt, curiosity, question","abstraction_attempt, curiosity, example_request, question"
700,1,"all this theory na, can you give me like a real life example where we use this?",ANALOGOUS_EXAMPLE,ANALOGOUS_EXAMPLE,(labels-only),"abstraction_attempt, curiosity, example_request, physical, question, transfer_attempt","abstraction_attempt, curiosity, example_request, question, transfer_attempt"
705,1,"proof by contradiction is like, you assume it's right but then prove it wrong? how does that work in real life? any normal example?",EXPLAIN,EXPLAIN,(labels-only),"abstraction_attempt, algebraic, answer_attempt, confusion, curiosity, low_confidence, physical, question, transfer_attempt","abstraction_attempt, algebraic, answer_attempt, confusion, curiosity, low_confidence, question, transfer_attempt"
713,1,this is all like theory only. can you give me a daily life example so i can connect better?,ANALOGOUS_EXAMPLE,ANALOGOUS_EXAMPLE,(labels-only),"abstraction_attempt, curiosity, example_request, physical, question, self_monitoring, transfer_attempt","abstraction_attempt, curiosity, example_request, question, self_monitoring, transfer_attempt"
717,1,"i can't just imagine this concept, can we try using some physical objects or maybe a drawing to make it more real?",EXPLAIN,REPRESENTATION_TRANSLATION,manipulative->repr_translation,"abstraction_attempt, curiosity, diagrammatic, low_confidence, physical, question, self_monitoring, verbal_analogy","abstraction_attempt, curiosity, diagrammatic, low_confidence, physical, question, representation_shift, request_representation, self_monitoring, verbal_analogy"
728,1,This whole explanation is like very theoretical. Can you make it like a story or a real life situation?,EXPLAIN,EXPLAIN,(labels-only),"curiosity, physical, question, transfer_attempt, verbal_analogy","curiosity, question, transfer_attempt, verbal_analogy"
729,1,"this theory is too abstract, can you show me a picture or something what this actually means?",EXPLAIN,REPRESENTATION_TRANSLATION,visual->repr_translation,"abstraction_attempt, curiosity, question, representation_shift, request_representation","abstraction_attempt, curiosity, question, representation_shift, request_representation"
733,1,"sin cos tan, like what do these actually mean in a triangle? can you show me with a changing angle, like a animation?",EXPLAIN,REPRESENTATION_TRANSLATION,visual->repr_translation,"algebraic, curiosity, diagrammatic, question, representation_shift, request_representation","algebraic, curiosity, diagrammatic, question, representation_shift, request_representation"
738,1,"all this is just theory, is there any real life example where we use this? makes it more clear na.",EXPLAIN,EXPLAIN,(labels-only),"abstraction_attempt, curiosity, high_confidence, physical, question, transfer_attempt","abstraction_attempt, curiosity, high_confidence, question, transfer_attempt"
739,1,"this whole thing is just words, can you show it like a drawing please? i can't understand",REPRESENTATION_TRANSLATION,REPRESENTATION_TRANSLATION,(labels-only),"curiosity, diagrammatic, environmental_feedback, low_confidence, question, representation_shift, request_representation, self_monitoring","confusion, curiosity, diagrammatic, environmental_feedback, low_confidence, question, representation_shift, request_representation, self_monitoring"
750,1,"this contradiction proof in maths, can you explain the actual idea behind it in simple language, without using any big math words?",SOCRATIC_Q,EXPLAIN,confusion->explain,"abstraction_attempt, algebraic, curiosity, environmental_feedback, question, simplification_request","abstraction_attempt, algebraic, curiosity, environmental_feedback, question, simplification_request"
753,1,"proof by contradiction is so hard, like why we assume false thing to prove true? can you give a real life example na?",ANALOGOUS_EXAMPLE,ANALOGOUS_EXAMPLE,(labels-only),"abstraction_attempt, algebraic, curiosity, example_request, physical, question, transfer_attempt","abstraction_attempt, algebraic, curiosity, example_request, question, transfer_attempt"
754,1,"all these big words, i can't understand. can you simplify it in easy words na?",ENCOURAGE,ENCOURAGE,(labels-only),"curiosity, environmental_feedback, low_confidence, question, self_monitoring, simplification_request","confusion, curiosity, environmental_feedback, low_confidence, question, self_monitoring, simplification_request"
762,1,"this full page is just words, i can't understand. can you make it into bullet points or a flow chart please?",REPRESENTATION_TRANSLATION,REPRESENTATION_TRANSLATION,(labels-only),"cognitive_overload, curiosity, environmental_feedback, graphical, low_confidence, question, representation_shift, request_representation, self_monitoring","cognitive_overload, confusion, curiosity, environmental_feedback, graphical, low_confidence, question, representation_shift, request_representation, self_monitoring"
789,1,"this is so abstract na. can you give me a real-life example where this concept is used, like how does it help?",WORKED_EXAMPLE,ANALOGOUS_EXAMPLE,everyday->analogous_example,"abstraction_attempt, curiosity, example_request, question","abstraction_attempt, curiosity, example_request, question"
791,1,"this explanation is too theoretical, can you show me a practical example please?",REPRESENTATION_TRANSLATION,REPRESENTATION_TRANSLATION,(labels-only),"curiosity, physical, question, representation_shift, request_representation, transfer_attempt","curiosity, question, representation_shift, request_representation, transfer_attempt"
796,1,"i don't understand the language here, can you use simpler words?",SOCRATIC_Q,EXPLAIN,confusion->explain,"curiosity, environmental_feedback, question, simplification_request","confusion, curiosity, environmental_feedback, question, simplification_request"
797,1,"BPT theorem, i know it says lines are parallel then ratios are equal. but how does that actually look like if i measure them? can you animate it?",EXPLAIN,REPRESENTATION_TRANSLATION,visual->repr_translation,"algebraic, curiosity, diagrammatic, high_confidence, question","algebraic, curiosity, diagrammatic, high_confidence, question, representation_shift, request_representation"
798,1,"this graph is confusing, what does the curve represent in real life?",REPRESENTATION_TRANSLATION,REPRESENTATION_TRANSLATION,(labels-only),"confusion, curiosity, graphical, physical, question, representation_shift, request_representation, transfer_attempt","confusion, curiosity, graphical, question, representation_shift, request_representation, transfer_attempt"
808,1,"i don't get the main idea of proof by contradiction, like why do we start by assuming it's false? can you give me a real life example of this logic?",ANALOGOUS_EXAMPLE,ANALOGOUS_EXAMPLE,(labels-only),"abstraction_attempt, algebraic, confusion, curiosity, example_request, physical, question, transfer_attempt","abstraction_attempt, algebraic, confusion, curiosity, example_request, question, transfer_attempt"
817,1,"This part is like very abstract, can you show me a practical example where this rule is actually used?",REPRESENTATION_TRANSLATION,REPRESENTATION_TRANSLATION,(labels-only),"abstraction_attempt, curiosity, physical, question, representation_shift, request_representation, transfer_attempt","abstraction_attempt, curiosity, question, representation_shift, request_representation, transfer_attempt"
821,1,"this theory is too abstract, can you show it with a number example na?",SOCRATIC_Q,WORKED_EXAMPLE,numeric_example->worked_example,"abstraction_attempt, curiosity, question","abstraction_attempt, curiosity, example_request, question"
825,1,where do we even use this in real life? give me an example like a story problem.,ANALOGOUS_EXAMPLE,ANALOGOUS_EXAMPLE,(labels-only),"curiosity, example_request, physical, question, transfer_attempt, verbal_analogy","curiosity, example_request, question, transfer_attempt, verbal_analogy"
826,1,"the section formula, i don't understand how m1 and m2 divide the line. can you show it on a graph with actual coordinates?",REPRESENTATION_TRANSLATION,REPRESENTATION_TRANSLATION,(labels-only),"algebraic, curiosity, diagrammatic, graphical, procedural_focus, question, representation_shift, request_representation","algebraic, confusion, curiosity, diagrammatic, graphical, procedural_focus, question, representation_shift, request_representation"
839,1,"when do we use mean, median, or mode? it's confusing. can you give situations where each is best, like real life examples?",ANALOGOUS_EXAMPLE,ANALOGOUS_EXAMPLE,(labels-only),"algebraic, confusion, curiosity, example_request, physical, question, transfer_attempt","algebraic, confusion, curiosity, example_request, question, transfer_attempt"
846,1,"i'm not getting the connection between these steps, is there a simpler way to represent this logic?",SOCRATIC_Q,EXPLAIN,confusion->explain,"abstraction_attempt, curiosity, procedural_focus, question, simplification_request","abstraction_attempt, curiosity, procedural_focus, question, simplification_request"
851,1,"this proof by contradiction na, i don't get the idea. can you give me a simple real-life example to understand it better, like not math?",WORKED_EXAMPLE,ANALOGOUS_EXAMPLE,everyday->analogous_example,"abstraction_attempt, algebraic, confusion, curiosity, example_request, question, simplification_request","abstraction_attempt, algebraic, confusion, curiosity, example_request, question, simplification_request"
874,1,"this whole thing is so abstract, i don't get the 'concept' part. can you give a real-life example like to make me understand?",WORKED_EXAMPLE,ANALOGOUS_EXAMPLE,everyday->analogous_example,"abstraction_attempt, confusion, curiosity, example_request, question","abstraction_attempt, confusion, curiosity, example_request, question"
892,1,"this is all too theoretical na, can you give a practical example to understand what we are doing?",ANALOGOUS_EXAMPLE,ANALOGOUS_EXAMPLE,(labels-only),"curiosity, example_request, physical, question, transfer_attempt","curiosity, example_request, question, transfer_attempt"
897,1,sin 30 cos 60 values are confusing. is there a hand trick or like a table to remember them quickly?,REPRESENTATION_TRANSLATION,REPRESENTATION_TRANSLATION,(labels-only),"algebraic, confusion, curiosity, physical, question, representation_shift, request_representation, shortcut_seeking, tabular","algebraic, confusion, curiosity, question, representation_shift, request_representation, shortcut_seeking, tabular"
898,1,"this proof by contradiction, my mind is spinning. can you explain the logic with a non-math example, like a real life story?",EXPLAIN,EXPLAIN,(labels-only),"abstraction_attempt, algebraic, curiosity, physical, question, self_monitoring, transfer_attempt, verbal_analogy","abstraction_attempt, algebraic, curiosity, question, self_monitoring, transfer_attempt, verbal_analogy"
902,1,when will i use this in real life? like what's the point of learning this?,EXPLAIN,EXPLAIN,(labels-only),"curiosity, physical, question, transfer_attempt","curiosity, question, transfer_attempt"
922,1,"how to remember sin 30, cos 60 values? always confuse them. is there some trick like a table or a hand method?",REPRESENTATION_TRANSLATION,REPRESENTATION_TRANSLATION,(labels-only),"algebraic, confusion, curiosity, physical, procedural_focus, question, recurring_error, representation_shift, request_representation, shortcut_seeking, tabular","algebraic, confusion, curiosity, procedural_focus, question, recurring_error, representation_shift, request_representation, shortcut_seeking, tabular"
925,1,"all this math na, where do we even use it in real life? can you give a practical example?",ANALOGOUS_EXAMPLE,ANALOGOUS_EXAMPLE,(labels-only),"curiosity, example_request, physical, question, transfer_attempt","curiosity, example_request, question, transfer_attempt"
939,1,"this is all theoretical na, can you give me a practical example, something real life?",ANALOGOUS_EXAMPLE,ANALOGOUS_EXAMPLE,(labels-only),"curiosity, example_request, physical, question, transfer_attempt","curiosity, example_request, question, transfer_attempt"
943,1,"i can't understand from words only, can you show me this thing visually, like a picture?",REPRESENTATION_TRANSLATION,REPRESENTATION_TRANSLATION,(labels-only),"curiosity, environmental_feedback, low_confidence, question, representation_shift, request_representation, self_monitoring","confusion, curiosity, environmental_feedback, low_confidence, question, representation_shift, request_representation, self_monitoring"
947,1,"this is all too theoretical, can you just give a real life example where we use this? makes it easier to understand",ANALOGOUS_EXAMPLE,ANALOGOUS_EXAMPLE,(labels-only),"curiosity, example_request, physical, question, shortcut_seeking, simplification_request, transfer_attempt","curiosity, example_request, question, shortcut_seeking, simplification_request, transfer_attempt"
950,1,proof by contradiction is like assuming false to prove true? my head is spinning. can you give a simple non-math example to show how it works?,WORKED_EXAMPLE,ANALOGOUS_EXAMPLE,everyday->analogous_example,"abstraction_attempt, algebraic, cognitive_overload, curiosity, example_request, question, simplification_request, verbal_analogy","abstraction_attempt, algebraic, cognitive_overload, curiosity, example_request, question, simplification_request, verbal_analogy"
957,1,"all this theory, can you just tell me where we use this in real life? a practical example please.",EXPLAIN,EXPLAIN,(labels-only),"abstraction_attempt, curiosity, physical, question, shortcut_seeking, transfer_attempt","abstraction_attempt, curiosity, question, shortcut_seeking, transfer_attempt"
966,1,"this concept is very abstract, can you relate it to something from real life? like a real-world example?",EXPLAIN,EXPLAIN,(labels-only),"abstraction_attempt, curiosity, physical, question, transfer_attempt","abstraction_attempt, curiosity, question, transfer_attempt"
975,1,i don't understand what is the use of this in real life. can you give me a real example where we use this concept?,ANALOGOUS_EXAMPLE,ANALOGOUS_EXAMPLE,(labels-only),"abstraction_attempt, curiosity, example_request, physical, question, transfer_attempt","abstraction_attempt, confusion, curiosity, example_request, question, transfer_attempt"
976,1,"sin 30, cos 45, tan 60, all these values are so hard to remember. is there any trick like a hand method or a small diagram to make it easier?",REPRESENTATION_TRANSLATION,REPRESENTATION_TRANSLATION,(labels-only),"algebraic, curiosity, diagrammatic, physical, procedural_focus, question, representation_shift, request_representation, shortcut_seeking, simplification_request","algebraic, curiosity, diagrammatic, procedural_focus, question, representation_shift, request_representation, shortcut_seeking, simplification_request"
981,1,why root 2 is irrational? i don't understand the proof by contradiction. can you show it like step-by-step in simpler words?,WORKED_EXAMPLE,WORKED_EXAMPLE,(labels-only),"abstraction_attempt, algebraic, curiosity, environmental_feedback, example_request, procedural_focus, question, simplification_request","abstraction_attempt, algebraic, confusion, curiosity, environmental_feedback, example_request, procedural_focus, question, simplification_request"
984,1,"sin cos tan ratios for 30 45 60 degrees, how to remember them? is there a table or hand trick or something to quickly find values?",REPRESENTATION_TRANSLATION,REPRESENTATION_TRANSLATION,(labels-only),"algebraic, curiosity, physical, question, representation_shift, request_representation, shortcut_seeking, tabular","algebraic, curiosity, question, representation_shift, request_representation, shortcut_seeking, tabular"
992,1,"too many formulas na, can you give a real life example for this thing?",ANALOGOUS_EXAMPLE,ANALOGOUS_EXAMPLE,(labels-only),"cognitive_overload, curiosity, example_request, physical, question, transfer_attempt","cognitive_overload, curiosity, example_request, question, transfer_attempt"
1000,1,"sin 30, cos 60, all these values na, i always forget. is there some trick like a table or a hand diagram to remember them easily?",REPRESENTATION_TRANSLATION,REPRESENTATION_TRANSLATION,(labels-only),"algebraic, curiosity, diagrammatic, low_confidence, physical, prerequisite_awareness, prerequisite_weakness, question, recurring_error, representation_shift, request_representation, shortcut_seeking, tabular","algebraic, curiosity, diagrammatic, low_confidence, prerequisite_awareness, prerequisite_weakness, question, recurring_error, representation_shift, request_representation, shortcut_seeking, tabular"
1002,1,"what is this you shaped graph, like parabola? why it's like that? can you show me some real life example?",REPRESENTATION_TRANSLATION,REPRESENTATION_TRANSLATION,(labels-only),"algebraic, curiosity, graphical, physical, question, representation_shift, request_representation, transfer_attempt","algebraic, curiosity, graphical, question, representation_shift, request_representation, transfer_attempt"
1006,1,"i don't understand what all this means, can you simplify it with an analogy please?",VERBAL_ANALOGY,VERBAL_ANALOGY,(labels-only),"curiosity, question, simplification_request, verbal_analogy","confusion, curiosity, question, simplification_request, verbal_analogy"
1016,1,"this mean, median, mode thing, why we need all three? what's the use case for each? can you show with a real-world example na?",SOCRATIC_Q,ANALOGOUS_EXAMPLE,everyday->analogous_example,"algebraic, curiosity, question","algebraic, curiosity, example_request, question"
1022,1,this is too much for my brain. can you simplify it with like a real life example or something?,EXPLAIN,EXPLAIN,(labels-only),"cognitive_overload, curiosity, physical, question, self_monitoring, simplification_request, transfer_attempt","cognitive_overload, curiosity, question, self_monitoring, simplification_request, transfer_attempt"
1026,1,i am not able to imagine this. can you show me a picture or animation?,VERBAL_ANALOGY,REPRESENTATION_TRANSLATION,visual->repr_translation,"curiosity, question, representation_shift, request_representation, verbal_analogy","curiosity, question, representation_shift, request_representation"
1044,1,"i can't imagine how this changes, is there some animation or like a moving diagram to show it?",VERBAL_ANALOGY,REPRESENTATION_TRANSLATION,visual->repr_translation,"curiosity, diagrammatic, low_confidence, question, representation_shift, request_representation, self_monitoring, verbal_analogy","curiosity, diagrammatic, low_confidence, question, representation_shift, request_representation, self_monitoring"
1047,1,"proof by contradiction is like confusing me, can you give a simple non-math example first so i understand the idea? like proving something true by assuming it's false?",WORKED_EXAMPLE,ANALOGOUS_EXAMPLE,everyday->analogous_example,"abstraction_attempt, algebraic, confusion, curiosity, example_request, question, simplification_request, verbal_analogy","abstraction_attempt, algebraic, confusion, curiosity, example_request, question, simplification_request, verbal_analogy"
1053,1,"proof by contradiction is like, my brain cannot process it. can you give a non-math example first, to show how this logic works?",WORKED_EXAMPLE,ANALOGOUS_EXAMPLE,everyday->analogous_example,"abstraction_attempt, algebraic, cognitive_overload, curiosity, example_request, low_confidence, question, self_monitoring, verbal_analogy","abstraction_attempt, algebraic, cognitive_overload, curiosity, example_request, low_confidence, question, self_monitoring, verbal_analogy"
1058,1,"all this theory, where do we use it in real life? can you tell me a practical example na, so I can connect to it.",EXPLAIN,EXPLAIN,(labels-only),"abstraction_attempt, curiosity, physical, question, self_monitoring, transfer_attempt","abstraction_attempt, curiosity, question, self_monitoring, transfer_attempt"
1063,1,"all this abstract math, can you show me where we use this in real life?",REPRESENTATION_TRANSLATION,REPRESENTATION_TRANSLATION,(labels-only),"abstraction_attempt, curiosity, physical, question, representation_shift, request_representation, transfer_attempt","abstraction_attempt, curiosity, question, representation_shift, request_representation, transfer_attempt"
1071,1,"how can i draw the graphs for these linear equations, like what points to take? can you show me how to plot it on a graph paper?",REPRESENTATION_TRANSLATION,REPRESENTATION_TRANSLATION,(labels-only),"curiosity, diagrammatic, graphical, question, representation_shift, request_representation","curiosity, diagrammatic, graphical, physical, question, representation_shift, request_representation"
1076,1,"i am not understanding from this text, can you give me a small story or an example, like real life se?",ANALOGOUS_EXAMPLE,ANALOGOUS_EXAMPLE,(labels-only),"confusion, curiosity, environmental_feedback, example_request, physical, question, transfer_attempt, verbal_analogy","confusion, curiosity, environmental_feedback, example_request, question, transfer_attempt, verbal_analogy"
1090,1,"this is all theoretical na, where is this useful? can you give a real life example for this?",ANALOGOUS_EXAMPLE,ANALOGOUS_EXAMPLE,(labels-only),"curiosity, example_request, physical, question, transfer_attempt","curiosity, example_request, question, transfer_attempt"
1097,1,"this whole chapter is so abstract, i don't understand the point. can you give me like one simple example from real life?",ANALOGOUS_EXAMPLE,ANALOGOUS_EXAMPLE,(labels-only),"abstraction_attempt, curiosity, example_request, physical, question, simplification_request, transfer_attempt","abstraction_attempt, confusion, curiosity, example_request, question, simplification_request, transfer_attempt"
1104,1,"sin 30, cos 60, all these values confuse me. my friend told me about some hand trick, can you show me how that works?",REPRESENTATION_TRANSLATION,REPRESENTATION_TRANSLATION,(labels-only),"algebraic, confusion, curiosity, physical, question, representation_shift, request_representation, shortcut_seeking","algebraic, confusion, curiosity, question, representation_shift, request_representation, shortcut_seeking"
1108,1,this chapter is just too abstract. can you explain it like a story or a real life thing so it makes sense?,EXPLAIN,EXPLAIN,(labels-only),"abstraction_attempt, curiosity, physical, question, transfer_attempt, verbal_analogy","abstraction_attempt, curiosity, question, transfer_attempt, verbal_analogy"
1112,2,"this trigonometry, like what is the use of sin cos in real life, where do we use it na?",EXPLAIN,EXPLAIN,(labels-only),"algebraic, curiosity, physical, question, transfer_attempt","algebraic, curiosity, question, transfer_attempt"
1117,2,"this is all theoretical na, where do we actually use this in real life?",EXPLAIN,EXPLAIN,(labels-only),"curiosity, physical, question, transfer_attempt","curiosity, question, transfer_attempt"
1122,2,"sir this sin sq theta plus cos sq theta equals 1 identity, where do we even use this in real life? like what's it's application?",EXPLAIN,EXPLAIN,(labels-only),"algebraic, curiosity, physical, question, transfer_attempt","algebraic, curiosity, question, transfer_attempt"
1124,2,"similar figures, like what all things are similar around us? can you give some examples?",ANALOGOUS_EXAMPLE,ANALOGOUS_EXAMPLE,(labels-only),"curiosity, example_request, physical, question, transfer_attempt","curiosity, example_request, question, transfer_attempt"
1125,2,like for what work we use all this math na? any practical use?,EXPLAIN,EXPLAIN,(labels-only),"curiosity, physical, question, transfer_attempt","curiosity, question, transfer_attempt"
1133,2,"quadratic equations, like where do we even use them in real life? like is it for sports or something?",EXPLAIN,EXPLAIN,(labels-only),"algebraic, curiosity, physical, question, transfer_attempt","algebraic, curiosity, question, transfer_attempt"
1138,2,"theoretical probability, is it like how we calculate chances in ludo or cards? without actually playing?",EXPLAIN,EXPLAIN,(labels-only),"algebraic, curiosity, physical, procedural_focus, question","algebraic, curiosity, procedural_focus, question"
1143,2,sir where do we use this in real life? like what is the point of learning this if i am not going to be a scientist?,EXPLAIN,EXPLAIN,(labels-only),"curiosity, physical, question, transfer_attempt","curiosity, question, transfer_attempt"
1152,2,"sir this trigonometry na, like what is the point of learning this? where do we even use it in real life?",EXPLAIN,EXPLAIN,(labels-only),"curiosity, physical, question, transfer_attempt","curiosity, question, transfer_attempt"
1154,2,this proof by contradiction method is like saying a lie to catch a liar na? can you give a simple everyday example not math?,WORKED_EXAMPLE,ANALOGOUS_EXAMPLE,everyday->analogous_example,"abstraction_attempt, algebraic, curiosity, example_request, procedural_focus, question, simplification_request","abstraction_attempt, algebraic, curiosity, example_request, procedural_focus, question, simplification_request"
1158,2,"where else do they use this stuff, like outside school?",EXPLAIN,EXPLAIN,(labels-only),"curiosity, physical, question, transfer_attempt","curiosity, question, transfer_attempt"
1159,2,"like in cricket, when they say average score, is that mean or median? when do we use which one in real life?",EXPLAIN,EXPLAIN,(labels-only),"algebraic, curiosity, physical, question, transfer_attempt","algebraic, curiosity, question, transfer_attempt"
1162,2,sin square theta plus cos square theta equals one. like how does this identity help me in real life? does it have any use outside math?,EXPLAIN,EXPLAIN,(labels-only),"algebraic, curiosity, physical, question, transfer_attempt","algebraic, curiosity, question, transfer_attempt"
1163,2,"all these numbers and formulas, like what is the big picture? like what is the point of learning this na?",REPRESENTATION_TRANSLATION,EXPLAIN,utility->explain,"curiosity, question, representation_shift, request_representation","curiosity, question"
1170,2,"the you shape graph of quadratic equations, does it look like the path of a ball thrown up in the air? is it similar to that arc?",REPRESENTATION_TRANSLATION,REPRESENTATION_TRANSLATION,(labels-only),"algebraic, curiosity, diagrammatic, graphical, physical, question, representation_shift, request_representation","algebraic, curiosity, diagrammatic, graphical, question, representation_shift, request_representation"
1171,2,"BPT theorem, does this mean if I have a picture with parallel lines in real life, I can measure sides like this? what's a practical example?",REPRESENTATION_TRANSLATION,REPRESENTATION_TRANSLATION,(labels-only),"algebraic, curiosity, diagrammatic, physical, question, representation_shift, request_representation, self_monitoring, transfer_attempt","algebraic, curiosity, diagrammatic, question, representation_shift, request_representation, self_monitoring, transfer_attempt"
1173,2,"can you explain this in simpler words, like for a small kid? this is too high-level.",SOCRATIC_Q,EXPLAIN,confusion->explain,"curiosity, environmental_feedback, question, simplification_request","curiosity, environmental_feedback, question, simplification_request"
1176,2,"this proof by contradiction, can you give a simple example like outside math? it's confusing with numbers.",WORKED_EXAMPLE,ANALOGOUS_EXAMPLE,everyday->analogous_example,"abstraction_attempt, algebraic, confusion, curiosity, example_request, question, simplification_request","abstraction_attempt, algebraic, confusion, curiosity, example_request, question, simplification_request"
1177,2,what's the point of learning this? where will i use this in real life?,EXPLAIN,EXPLAIN,(labels-only),"curiosity, physical, question, transfer_attempt","curiosity, question, transfer_attempt"
1180,2,so quadratic equations make like a curve path? like a ball thrown? is that the connection?,REPRESENTATION_TRANSLATION,REPRESENTATION_TRANSLATION,(labels-only),"algebraic, curiosity, graphical, physical, question, representation_shift, request_representation","algebraic, curiosity, graphical, question, representation_shift, request_representation"
1183,2,"can you give me an everyday example for this na, something that makes sense outside of math class?",WORKED_EXAMPLE,ANALOGOUS_EXAMPLE,everyday->analogous_example,"curiosity, example_request, question","curiosity, example_request, question"
1189,2,i don't get the big picture na. what is this all leading to? like where is the main idea?,REPRESENTATION_TRANSLATION,EXPLAIN,utility->explain,"confusion, curiosity, question, representation_shift, request_representation","confusion, curiosity, question"
1190,2,"when we calculate volume of combined solids, is it like packing things into a box or like measuring water capacity? which one is it more like?",EXPLAIN,EXPLAIN,(labels-only),"algebraic, curiosity, diagrammatic, physical, procedural_focus, question","algebraic, curiosity, diagrammatic, procedural_focus, question"
1194,2,"can you give me a non-math example for like, how this proof by contradiction thing works, like in daily life, not numbers?",ANALOGOUS_EXAMPLE,ANALOGOUS_EXAMPLE,(labels-only),"abstraction_attempt, algebraic, curiosity, example_request, physical, question, transfer_attempt, verbal_analogy","abstraction_attempt, algebraic, curiosity, example_request, question, transfer_attempt, verbal_analogy"
1195,2,"nth term of AP, where else can we use this? like in some other subject or a different kind of problem outside math textbook?",EXPLAIN,EXPLAIN,(labels-only),"algebraic, conflict, curiosity, physical, question, transfer_attempt","algebraic, conflict, curiosity, question, transfer_attempt"
1196,2,"why are we learning this chapter only? like what's the big picture here, what kind of problems can we solve?",REPRESENTATION_TRANSLATION,EXPLAIN,utility->explain,"curiosity, procedural_focus, question, representation_shift, request_representation","curiosity, procedural_focus, question"
1199,2,"can you explain the main idea of this topic like for a 5th grader? just the very basic thing, not too complicated words.",SOCRATIC_Q,EXPLAIN,confusion->explain,"curiosity, environmental_feedback, question, simplification_request","curiosity, environmental_feedback, question, simplification_request"
1202,2,when will i ever use this in real life? like what's the point of learning this if i don't use it anywhere outside school?,EXPLAIN,EXPLAIN,(labels-only),"curiosity, physical, question, transfer_attempt","curiosity, question, transfer_attempt"
1209,2,can you explain this in non-math terms? like with a story or something simple from daily life?,EXPLAIN,EXPLAIN,(labels-only),"curiosity, physical, question, simplification_request, transfer_attempt, verbal_analogy","curiosity, question, simplification_request, transfer_attempt, verbal_analogy"
1212,2,"this proof by contradiction, it's like a debate na? you assume opposite to prove your point. can you give a simple example outside math?",WORKED_EXAMPLE,ANALOGOUS_EXAMPLE,everyday->analogous_example,"abstraction_attempt, algebraic, curiosity, example_request, question, simplification_request","abstraction_attempt, algebraic, curiosity, example_request, question, simplification_request"
1213,2,"so this parabola thing, like when a ball is thrown, the path is like a parabola na? does that have anything to do with zeroes?",REPRESENTATION_TRANSLATION,REPRESENTATION_TRANSLATION,(labels-only),"algebraic, curiosity, graphical, physical, question, representation_shift, request_representation","algebraic, curiosity, graphical, question, representation_shift, request_representation"
1219,2,"i get the steps, but what's the big picture? like what concept are we trying to understand here?",REPRESENTATION_TRANSLATION,EXPLAIN,utility->explain,"abstraction_attempt, curiosity, procedural_focus, question, representation_shift, request_representation, self_monitoring","abstraction_attempt, curiosity, procedural_focus, question, self_monitoring"
1221,2,"this whole concept na, can we like try to explain it using something totally unrelated from daily life? like a game or a story?",EXPLAIN,EXPLAIN,(labels-only),"abstraction_attempt, curiosity, physical, question, transfer_attempt, verbal_analogy","abstraction_attempt, curiosity, question, transfer_attempt, verbal_analogy"
1222,2,"This trig chapter, what is the use of it in our daily life? Like for what purpose they invented it?",EXPLAIN,EXPLAIN,(labels-only),"curiosity, physical, question, transfer_attempt","curiosity, question, transfer_attempt"
1225,2,"So quadratic equations, they're always about things that curve, like throwing a ball or something?",REPRESENTATION_TRANSLATION,REPRESENTATION_TRANSLATION,(labels-only),"algebraic, curiosity, graphical, physical, question, representation_shift, request_representation","algebraic, curiosity, graphical, question, representation_shift, request_representation"
1234,2,why are we even learning all this maths? where do we use this in daily life?,EXPLAIN,EXPLAIN,(labels-only),"curiosity, physical, question, transfer_attempt","curiosity, question, transfer_attempt"
1244,2,"how is this concept useful in daily life, like where can I see it applied?",REPRESENTATION_TRANSLATION,REPRESENTATION_TRANSLATION,(labels-only),"abstraction_attempt, curiosity, physical, question, representation_shift, request_representation, transfer_attempt","abstraction_attempt, curiosity, question, representation_shift, request_representation, transfer_attempt"
1252,2,"AP is all about like series na? how does it help in daily life, like what job uses AP?",EXPLAIN,EXPLAIN,(labels-only),"algebraic, curiosity, physical, question, transfer_attempt","algebraic, curiosity, question, transfer_attempt"
1258,2,"if probability is between 0 and 1 only, then how can one say there's 100% chance or 0% chance for anything in real life?",EXPLAIN,EXPLAIN,(labels-only),"algebraic, curiosity, physical, question, transfer_attempt","algebraic, curiosity, question, transfer_attempt"
1264,2,Can you give a simple everyday example for this math thing? It feels too abstract.,WORKED_EXAMPLE,ANALOGOUS_EXAMPLE,everyday->analogous_example,"abstraction_attempt, curiosity, example_request, question, simplification_request","abstraction_attempt, curiosity, example_request, question, simplification_request"
1275,2,"AP is like that pattern things, no? where can we see AP in daily life, like what examples?",EXPLAIN,EXPLAIN,(labels-only),"algebraic, curiosity, physical, question, transfer_attempt","algebraic, curiosity, question, transfer_attempt"
1277,2,"that you-shape graph of quadratic, like a thrown ball's path? is it the same concept, like how the zeroes are where it lands?",REPRESENTATION_TRANSLATION,REPRESENTATION_TRANSLATION,(labels-only),"abstraction_attempt, algebraic, curiosity, diagrammatic, graphical, physical, question, representation_shift, request_representation","abstraction_attempt, algebraic, curiosity, diagrammatic, graphical, question, representation_shift, request_representation"
1280,2,"this surface area volume n all, for what practical purpose do we calculate this? like making a tank or something?",EXPLAIN,EXPLAIN,(labels-only),"algebraic, curiosity, physical, procedural_focus, question, transfer_attempt","algebraic, curiosity, procedural_focus, question, transfer_attempt"
1283,2,"okay okay i get the steps now, but where will i use this in real life? like what is the point of learning this?",EXPLAIN,EXPLAIN,(labels-only),"curiosity, physical, procedural_focus, question, self_monitoring, transfer_attempt","curiosity, procedural_focus, question, self_monitoring, transfer_attempt"
1290,2,the contradiction method is confusing. can you give an example from everyday life where we prove something by showing it's opposite is false?,WORKED_EXAMPLE,ANALOGOUS_EXAMPLE,everyday->analogous_example,"abstraction_attempt, confusion, curiosity, example_request, procedural_focus, question","abstraction_attempt, confusion, curiosity, example_request, procedural_focus, question"
1292,2,"BPT theorem, is it used in like construction or architecture also? where can I see this in real life?",EXPLAIN,EXPLAIN,(labels-only),"algebraic, curiosity, physical, question, transfer_attempt","algebraic, curiosity, question, transfer_attempt"
1304,2,"the you-shape graph of quadratic, it's like a fountain's water path or a bridge arch na? do the zeroes mean where it hits the ground?",REPRESENTATION_TRANSLATION,REPRESENTATION_TRANSLATION,(labels-only),"algebraic, curiosity, diagrammatic, graphical, physical, question, representation_shift, request_representation","algebraic, curiosity, diagrammatic, graphical, question, representation_shift, request_representation"
1305,2,"all this geometry and shapes, where do we actually use it outside school na? like in engineering or architecture?",EXPLAIN,EXPLAIN,(labels-only),"curiosity, physical, question, transfer_attempt","curiosity, question, transfer_attempt"
1315,2,where will i use this in real life? like what is the point of learning this?,EXPLAIN,EXPLAIN,(labels-only),"curiosity, physical, question, transfer_attempt","curiosity, question, transfer_attempt"
1320,2,"proof by contradiction is like proving something is not true to show it *is* true? can you give a simple real-life example for this logic, not math only?",WORKED_EXAMPLE,ANALOGOUS_EXAMPLE,everyday->analogous_example,"abstraction_attempt, algebraic, curiosity, example_request, question, simplification_request","abstraction_attempt, algebraic, curiosity, example_request, question, simplification_request"
1321,2,"AP is sequences na, like 2, 4, 6... where do we see this in daily life? is it like counting stairs or something?",EXPLAIN,EXPLAIN,(labels-only),"algebraic, curiosity, physical, question, transfer_attempt","algebraic, curiosity, question, transfer_attempt"
1334,2,"AP questions in real life, like what kind of situations? is it like salary increment every year or something?",EXPLAIN,EXPLAIN,(labels-only),"algebraic, curiosity, physical, question, transfer_attempt","algebraic, curiosity, question, transfer_attempt"
1336,2,Can you give me a real-world example of this? Like something I see everyday?,WORKED_EXAMPLE,ANALOGOUS_EXAMPLE,everyday->analogous_example,"curiosity, example_request, question","curiosity, example_request, question"
1341,2,"this AP sum formula, what is it used for like in real life? any examples where we actually add things like this?",EXPLAIN,EXPLAIN,(labels-only),"algebraic, curiosity, physical, procedural_focus, question, transfer_attempt","algebraic, curiosity, procedural_focus, question, transfer_attempt"
1345,2,"can you explain this idea using something simple, like not numbers or equations, something from daily life?",EXPLAIN,EXPLAIN,(labels-only),"curiosity, physical, question, simplification_request, transfer_attempt","curiosity, question, simplification_request, transfer_attempt"
1364,2,"AP is like sequence only na? where do we see AP in daily life, like besides those salary increase problems? something cool?",EXPLAIN,EXPLAIN,(labels-only),"algebraic, curiosity, physical, question, transfer_attempt","algebraic, curiosity, question, transfer_attempt"
1368,2,why are the lengths of tangents from an external point equal always? like does it make a symmetrical figure or something? is there a practical example where this applies?,EXPLAIN,EXPLAIN,(labels-only),"curiosity, diagrammatic, physical, question, transfer_attempt","curiosity, diagrammatic, question, transfer_attempt"
1379,2,"I'm not getting this point. Can you give me an everyday example, like not from math, to understand it better?",WORKED_EXAMPLE,ANALOGOUS_EXAMPLE,everyday->analogous_example,"curiosity, example_request, question","curiosity, example_request, question"
1380,2,"quadratic equations, like that 'x square' thing, how does it help solve problems like finding area of a garden or something practical?",EXPLAIN,EXPLAIN,(labels-only),"algebraic, curiosity, physical, procedural_focus, question, transfer_attempt","algebraic, curiosity, procedural_focus, question, transfer_attempt"
1382,2,this whole concept is so abstract. can you show me where it is used in real life?,REPRESENTATION_TRANSLATION,REPRESENTATION_TRANSLATION,(labels-only),"abstraction_attempt, curiosity, physical, question, representation_shift, request_representation, transfer_attempt","abstraction_attempt, curiosity, question, representation_shift, request_representation, transfer_attempt"
1392,2,"this is too much theory, can you just give me a simple real-life example to make sense?",WORKED_EXAMPLE,ANALOGOUS_EXAMPLE,everyday->analogous_example,"abstraction_attempt, cognitive_overload, curiosity, example_request, question, shortcut_seeking, simplification_request","abstraction_attempt, cognitive_overload, curiosity, example_request, question, shortcut_seeking, simplification_request"
1402,2,"can you show me a real life example of this, like something i see everyday?",REPRESENTATION_TRANSLATION,REPRESENTATION_TRANSLATION,(labels-only),"curiosity, physical, question, representation_shift, request_representation, transfer_attempt","curiosity, question, representation_shift, request_representation, transfer_attempt"
1410,2,"not this type of question, can you give me something more practical, like a word problem type?",WORKED_EXAMPLE,WORKED_EXAMPLE,(labels-only),"curiosity, example_request, physical, question, transfer_attempt","curiosity, example_request, question, transfer_attempt"
1412,2,can you give an example of this in our everyday life na? like what cricket example can explain it?,WORKED_EXAMPLE,ANALOGOUS_EXAMPLE,everyday->analogous_example,"curiosity, example_request, question","curiosity, example_request, question"
1414,2,"the parabola graph, it's like a ball's path, right? so the zeroes are where the ball hits the ground?",REPRESENTATION_TRANSLATION,REPRESENTATION_TRANSLATION,(labels-only),"algebraic, answer_attempt, curiosity, graphical, physical, question, representation_shift, request_representation","algebraic, answer_attempt, curiosity, graphical, question, representation_shift, request_representation"
1418,2,probability is like predicting cricket match results or card games na? how does the formula help there?,EXPLAIN,EXPLAIN,(labels-only),"algebraic, curiosity, physical, procedural_focus, question","algebraic, curiosity, procedural_focus, question"
1421,2,can you explain this with a real-life example or something i can relate to? like from games or daily stuff na.,SOCRATIC_Q,ANALOGOUS_EXAMPLE,everyday->analogous_example,"curiosity, question, self_monitoring","curiosity, example_request, question, self_monitoring"
1425,2,"i am not getting this concept very well, can you explain it using a daily life example, like something from my school or home?",EXPLAIN,EXPLAIN,(labels-only),"abstraction_attempt, curiosity, high_confidence, physical, question, transfer_attempt","abstraction_attempt, curiosity, high_confidence, question, transfer_attempt"
1440,2,"APs are just patterns na? like when we arrange chairs in rows, is that an AP? Give me an example of AP in daily life.",ANALOGOUS_EXAMPLE,ANALOGOUS_EXAMPLE,(labels-only),"algebraic, curiosity, example_request, physical, question, transfer_attempt","algebraic, curiosity, example_request, question, transfer_attempt"
1447,2,"i don't understand the purpose of all these formulas, can you give me some simple example from daily life where we would use this concept?",ANALOGOUS_EXAMPLE,ANALOGOUS_EXAMPLE,(labels-only),"abstraction_attempt, curiosity, example_request, physical, question, simplification_request, transfer_attempt","abstraction_attempt, confusion, curiosity, example_request, question, simplification_request, transfer_attempt"
1453,2,"this you-shape graph for quadratic, is it like the path of a ball thrown in cricket? like the arc it makes?",REPRESENTATION_TRANSLATION,REPRESENTATION_TRANSLATION,(labels-only),"algebraic, curiosity, diagrammatic, graphical, physical, question, representation_shift, request_representation","algebraic, curiosity, diagrammatic, graphical, question, representation_shift, request_representation"
1454,2,this is too confusing na. can you tell it like a story or something from daily life? i get it better that way.,EXPLAIN,EXPLAIN,(labels-only),"confusion, curiosity, physical, question, self_monitoring, transfer_attempt, verbal_analogy","confusion, curiosity, question, self_monitoring, transfer_attempt, verbal_analogy"
1461,2,can you give me one example from daily life for this topic?,ANALOGOUS_EXAMPLE,ANALOGOUS_EXAMPLE,(labels-only),"curiosity, example_request, physical, question, transfer_attempt","curiosity, example_request, question, transfer_attempt"
1462,2,"the zeroes of the quadratic, is it like where the ball lands if i throw it up and it goes in a curve?",REPRESENTATION_TRANSLATION,REPRESENTATION_TRANSLATION,(labels-only),"algebraic, curiosity, graphical, physical, question, representation_shift, request_representation","algebraic, curiosity, graphical, question, representation_shift, request_representation"
1470,2,"sir, is this concept used anywhere in real life? like what's the use of learning this?",EXPLAIN,EXPLAIN,(labels-only),"abstraction_attempt, curiosity, physical, question, transfer_attempt","abstraction_attempt, curiosity, question, transfer_attempt"
1476,2,"this is too abstract. can you give an example from my daily life, like buying something or planning a trip?",ANALOGOUS_EXAMPLE,ANALOGOUS_EXAMPLE,(labels-only),"abstraction_attempt, curiosity, example_request, physical, question, transfer_attempt","abstraction_attempt, curiosity, example_request, question, transfer_attempt"
1479,2,can you explain this topic like a story? i understand things better with real life examples,EXPLAIN,EXPLAIN,(labels-only),"curiosity, physical, question, transfer_attempt, verbal_analogy","curiosity, question, transfer_attempt, verbal_analogy"
1482,2,where can i actually use this in real life? like what's the use?,EXPLAIN,EXPLAIN,(labels-only),"curiosity, physical, question, transfer_attempt","curiosity, question, transfer_attempt"
1487,2,"that you-shape graph of quadratic, does it come from like the trajectory of a ball thrown? are they same thing only?",REPRESENTATION_TRANSLATION,REPRESENTATION_TRANSLATION,(labels-only),"algebraic, curiosity, diagrammatic, graphical, physical, question, representation_shift, request_representation","algebraic, curiosity, diagrammatic, graphical, question, representation_shift, request_representation"
1493,2,can you give me an example problem that uses this concept in a situation i might see in my everyday life?,WORKED_EXAMPLE,ANALOGOUS_EXAMPLE,everyday->analogous_example,"abstraction_attempt, curiosity, example_request, question","abstraction_attempt, curiosity, example_request, question"
1499,2,"can we use quadratic formula for something else also, like in daily life? or only for these math problems?",EXPLAIN,EXPLAIN,(labels-only),"algebraic, curiosity, physical, procedural_focus, question, transfer_attempt","algebraic, curiosity, procedural_focus, question, transfer_attempt"
1500,2,"can you give me some other example of this, like not from maths? so i can understand it better?",WORKED_EXAMPLE,ANALOGOUS_EXAMPLE,everyday->analogous_example,"curiosity, example_request, question, self_monitoring","curiosity, example_request, question, self_monitoring"
1502,2,i don't get it when you just speak. can you show me a picture or like draw it on board?,EXPLAIN,REPRESENTATION_TRANSLATION,visual->repr_translation,"anxiety, confusion, curiosity, diagrammatic, environmental_feedback, question, representation_shift, request_representation","anxiety, confusion, curiosity, diagrammatic, environmental_feedback, question, representation_shift, request_representation"
1503,2,so sin cos can measure tree height na? is that why we learn it? how does it work exactly?,EXPLAIN,EXPLAIN,(labels-only),"algebraic, curiosity, physical, question, transfer_attempt","algebraic, curiosity, question, transfer_attempt"
1505,2,"volume of combined solids, is it like when i calculate how much water is in my water bottle with a cone top?",REPRESENTATION_TRANSLATION,REPRESENTATION_TRANSLATION,(labels-only),"algebraic, curiosity, diagrammatic, physical, procedural_focus, question, representation_shift, request_representation","algebraic, curiosity, diagrammatic, procedural_focus, question, representation_shift, request_representation"
1506,2,probability of getting a head or tail is 1/2. is it same logic for picking a red ball from a bag also?,REPRESENTATION_TRANSLATION,REPRESENTATION_TRANSLATION,(labels-only),"abstraction_attempt, algebraic, cognitive_overload, curiosity, physical, question, representation_shift, request_representation","abstraction_attempt, algebraic, cognitive_overload, curiosity, question, representation_shift, request_representation"
1507,2,can you give an example from outside math? something easy to understand for this rule.,WORKED_EXAMPLE,ANALOGOUS_EXAMPLE,everyday->analogous_example,"curiosity, example_request, high_confidence, question","curiosity, example_request, high_confidence, question"
1509,2,parabola is like that arc of the fountain water na? so the zeroes are where it hits the ground or starts?,EXPLAIN,EXPLAIN,(labels-only),"algebraic, curiosity, graphical, physical, question","algebraic, curiosity, graphical, question"
1510,2,APs... like what's the use of this in real life? like saving money or something?,EXPLAIN,EXPLAIN,(labels-only),"curiosity, physical, question, transfer_attempt","curiosity, question, transfer_attempt"
1513,2,can you give me like an example from my daily life for this? like a real real one not some textbook example.,EXPLAIN,EXPLAIN,(labels-only),"conflict, curiosity, example_request, physical, question, transfer_attempt","conflict, curiosity, example_request, question, transfer_attempt"
1518,2,what's the big picture here? like what problem does this solve in real world?,REPRESENTATION_TRANSLATION,EXPLAIN,utility->explain,"curiosity, procedural_focus, question, representation_shift, request_representation","curiosity, procedural_focus, question"
1519,2,"sir why tangent is always 90 degree to the radius, like can you show a practical example where this happens? is it like a car tire on the road?",EXPLAIN,EXPLAIN,(labels-only),"curiosity, diagrammatic, physical, question, transfer_attempt","curiosity, diagrammatic, question, transfer_attempt"
1520,2,can you give me a real life example for this concept? i can't see why we need to learn this,ANALOGOUS_EXAMPLE,ANALOGOUS_EXAMPLE,(labels-only),"abstraction_attempt, curiosity, example_request, low_confidence, physical, question, self_monitoring, transfer_attempt","abstraction_attempt, curiosity, example_request, low_confidence, question, self_monitoring, transfer_attempt"
1530,2,"Sir, these sin cos tan, what is the use of them? Like where do we actually see them in real life? Like measuring heights or something?",EXPLAIN,EXPLAIN,(labels-only),"algebraic, curiosity, physical, question, transfer_attempt","algebraic, curiosity, question, transfer_attempt"
1539,2,"this concept na, like what's the use of it in our daily life? like where do we even see this?",EXPLAIN,EXPLAIN,(labels-only),"abstraction_attempt, curiosity, physical, question, transfer_attempt","abstraction_attempt, curiosity, question, transfer_attempt"
1546,2,"this proof by contradiction, like we assume something false to prove it true? can you give a non-maths example, like in a story or something?",WORKED_EXAMPLE,ANALOGOUS_EXAMPLE,everyday->analogous_example,"abstraction_attempt, algebraic, curiosity, example_request, question, verbal_analogy","abstraction_attempt, algebraic, curiosity, example_request, question, verbal_analogy"
1549,2,"sir all this calculation and geometry na, like where do we use it outside school?",EXPLAIN,EXPLAIN,(labels-only),"curiosity, physical, procedural_focus, question, transfer_attempt","curiosity, procedural_focus, question, transfer_attempt"
1551,2,"this concept is very heavy na, can you give a simple example from like everyday life, not math one?",WORKED_EXAMPLE,ANALOGOUS_EXAMPLE,everyday->analogous_example,"abstraction_attempt, curiosity, example_request, question, simplification_request","abstraction_attempt, curiosity, example_request, question, simplification_request"
1557,2,"this proof by contradiction for root 2 being irrational, it's like we assume it's rational to prove it's not? can you give a non-math example?",WORKED_EXAMPLE,ANALOGOUS_EXAMPLE,everyday->analogous_example,"abstraction_attempt, algebraic, curiosity, example_request, question, verbal_analogy","abstraction_attempt, algebraic, curiosity, example_request, question, verbal_analogy"
1559,2,sir where will we use this concept in real life like what job or what thing?,EXPLAIN,EXPLAIN,(labels-only),"abstraction_attempt, curiosity, physical, question, transfer_attempt","abstraction_attempt, curiosity, question, transfer_attempt"
1561,2,"can you give me a non math example for this, something i can easily understand",WORKED_EXAMPLE,ANALOGOUS_EXAMPLE,everyday->analogous_example,"curiosity, example_request, question, self_monitoring","curiosity, example_request, question, self_monitoring"
1569,2,"sir why are we learning trigonometry? what is the use of sin cos in real life, like where do we use it?",EXPLAIN,EXPLAIN,(labels-only),"algebraic, curiosity, physical, question, transfer_attempt","algebraic, curiosity, question, transfer_attempt"
1574,2,where will I actually use this in real life? like what is the practical purpose of learning this?,EXPLAIN,EXPLAIN,(labels-only),"curiosity, physical, question, transfer_attempt","curiosity, question, transfer_attempt"
1582,2,"This abstract talk is too much. Can you give a simple real-life example where this concept is used, like what I see everyday?",WORKED_EXAMPLE,ANALOGOUS_EXAMPLE,everyday->analogous_example,"abstraction_attempt, cognitive_overload, curiosity, example_request, question, simplification_request","abstraction_attempt, cognitive_overload, curiosity, example_request, question, simplification_request"
1586,2,"Why are we learning about mean, median, mode? Like what is the use of all this in real life?",EXPLAIN,EXPLAIN,(labels-only),"algebraic, curiosity, physical, question, transfer_attempt","algebraic, curiosity, question, transfer_attempt"
1587,2,"AP in real life, can you give me some other examples, not just ladder steps or salaries? Like something else na.",ANALOGOUS_EXAMPLE,ANALOGOUS_EXAMPLE,(labels-only),"algebraic, curiosity, example_request, physical, procedural_focus, question, transfer_attempt","algebraic, curiosity, example_request, procedural_focus, question, transfer_attempt"
1589,2,this concept... what is it useful for in real life? like why should i learn this?,EXPLAIN,EXPLAIN,(labels-only),"abstraction_attempt, curiosity, physical, question, transfer_attempt","abstraction_attempt, curiosity, question, transfer_attempt"
1591,2,can you explain this logic with something not math? like using a daily life example maybe?,EXPLAIN,EXPLAIN,(labels-only),"abstraction_attempt, curiosity, physical, question, transfer_attempt","abstraction_attempt, curiosity, question, transfer_attempt"
1615,2,what's the use of this in real life? like why are we learning this heavy stuff?,EXPLAIN,EXPLAIN,(labels-only),"curiosity, physical, question, transfer_attempt","curiosity, question, transfer_attempt"
1619,2,"this volume of combined shapes na, where do they use it like in real life? like is it for water tanks or something?",EXPLAIN,EXPLAIN,(labels-only),"algebraic, curiosity, physical, question, transfer_attempt","algebraic, curiosity, question, transfer_attempt"
1622,2,"arithmetic progression, what is the use of this in daily life? like is it counting something in a pattern?",EXPLAIN,EXPLAIN,(labels-only),"curiosity, physical, question, transfer_attempt","curiosity, question, transfer_attempt"
1626,2,"consistent, inconsistent, dependent lines. it's so confusing. can you give a real life example for each to make it clear?",ANALOGOUS_EXAMPLE,ANALOGOUS_EXAMPLE,(labels-only),"confusion, curiosity, diagrammatic, example_request, physical, question, transfer_attempt","confusion, curiosity, diagrammatic, example_request, question, transfer_attempt"
1635,2,"where can i see this in action, like in real life?",EXPLAIN,EXPLAIN,(labels-only),"curiosity, physical, question, transfer_attempt","curiosity, question, transfer_attempt"
1650,2,can this new concept be used in like real life problems or in science also? where do we use it?,EXPLAIN,EXPLAIN,(labels-only),"abstraction_attempt, curiosity, physical, question, transfer_attempt","abstraction_attempt, curiosity, question, transfer_attempt"
1654,2,give me one everyday example na. i can't understand this without seeing it in real life.,ANALOGOUS_EXAMPLE,ANALOGOUS_EXAMPLE,(labels-only),"curiosity, example_request, low_confidence, physical, self_monitoring, transfer_attempt","confusion, curiosity, example_request, low_confidence, self_monitoring, transfer_attempt"
1658,2,"proof by contradiction is like, you assume something false and then show it's impossible? can you give a simple example not math related?",WORKED_EXAMPLE,ANALOGOUS_EXAMPLE,everyday->analogous_example,"abstraction_attempt, algebraic, curiosity, example_request, question, simplification_request","abstraction_attempt, algebraic, curiosity, example_request, question, simplification_request"
1665,2,"can you explain this using a story or something from daily life, like not math related, just to get the concept first?",EXPLAIN,EXPLAIN,(labels-only),"abstraction_attempt, curiosity, physical, question, transfer_attempt, verbal_analogy","abstraction_attempt, curiosity, question, transfer_attempt, verbal_analogy"
1668,2,"the lengths of tangents from an external point are equal na, where do we see this in real life? like a wheel or something?",EXPLAIN,EXPLAIN,(labels-only),"curiosity, diagrammatic, physical, question, transfer_attempt","curiosity, diagrammatic, question, transfer_attempt"
1672,2,"proof by contradiction is so weird, like you assume wrong thing to prove right thing? can you give a simple non-math example?",WORKED_EXAMPLE,ANALOGOUS_EXAMPLE,everyday->analogous_example,"abstraction_attempt, algebraic, answer_attempt, confusion, curiosity, example_request, low_confidence, question, simplification_request, verbal_analogy","abstraction_attempt, algebraic, answer_attempt, confusion, curiosity, example_request, low_confidence, question, simplification_request, verbal_analogy"
1674,2,"graphical method, is it just for theory or like do engineers use this to find intersections in real life?",EXPLAIN,EXPLAIN,(labels-only),"abstraction_attempt, curiosity, graphical, physical, procedural_focus, question, transfer_attempt","abstraction_attempt, curiosity, graphical, procedural_focus, question, transfer_attempt"
1678,2,"AP questions like in real life, where do we see them? like growing money or something? can you show an example",EXPLAIN,EXPLAIN,(labels-only),"algebraic, curiosity, physical, question, transfer_attempt","algebraic, curiosity, question, transfer_attempt"
1687,2,"this BPT na, is it like useful for measuring things we can't reach, like the height of a tree or something?",EXPLAIN,EXPLAIN,(labels-only),"algebraic, curiosity, low_confidence, physical, question, self_monitoring, transfer_attempt","algebraic, curiosity, low_confidence, question, self_monitoring, transfer_attempt"
1688,2,"sir this proof by contradiction thing, can you give an example not from maths? like something from daily life?",ANALOGOUS_EXAMPLE,ANALOGOUS_EXAMPLE,(labels-only),"abstraction_attempt, algebraic, curiosity, example_request, physical, question, transfer_attempt","abstraction_attempt, algebraic, curiosity, example_request, question, transfer_attempt"
1690,2,where else will we use this concept? like in higher studies or in real life problems?,EXPLAIN,EXPLAIN,(labels-only),"abstraction_attempt, curiosity, physical, question, transfer_attempt","abstraction_attempt, curiosity, question, transfer_attempt"
1697,2,sir is this useful in like daily life? where can i see this happening?,EXPLAIN,EXPLAIN,(labels-only),"curiosity, physical, question, transfer_attempt","curiosity, question, transfer_attempt"
1701,2,"like, when we paint a water tank that is cylinder with a hemisphere top, we just add the area of cylinder side and hemisphere top na? is it like that calculation?",EXPLAIN,EXPLAIN,(labels-only),"curiosity, diagrammatic, physical, procedural_focus, question","curiosity, diagrammatic, procedural_focus, question"
1709,2,is there like a real life problem where i can use all this stuff we are learning now? like something i see daily?,EXPLAIN,EXPLAIN,(labels-only),"curiosity, physical, question, self_monitoring, transfer_attempt","curiosity, question, self_monitoring, transfer_attempt"
1722,2,"sir for these sin cos values at 0, 30, 45, 60, 90, there was some hand trick na? can you show it again?",REPRESENTATION_TRANSLATION,REPRESENTATION_TRANSLATION,(labels-only),"algebraic, curiosity, physical, question, representation_shift, request_representation, shortcut_seeking","algebraic, curiosity, question, representation_shift, request_representation, shortcut_seeking"
1724,2,what's the practical use of knowing all this? like where would i use it in future?,EXPLAIN,EXPLAIN,(labels-only),"curiosity, physical, question, transfer_attempt","curiosity, question, transfer_attempt"
1729,2,"When we talk about solutions for linear equations, like unique or no solution, does it mean anything in real life? like is it a problem that can be solved or not?",EXPLAIN,EXPLAIN,(labels-only),"algebraic, curiosity, diagrammatic, physical, question, transfer_attempt","algebraic, curiosity, diagrammatic, question, transfer_attempt"
1736,2,"Sir, can you tell me how this concept helps us in everyday life? is it just for theory or something practical also?",EXPLAIN,EXPLAIN,(labels-only),"abstraction_attempt, curiosity, physical, question, transfer_attempt","abstraction_attempt, curiosity, question, transfer_attempt"
1737,2,"root 2 is irrational, i get the proof method. but like where do we even see irrational numbers in real life? like what does it even mean for something to be irrational?",EXPLAIN,EXPLAIN,(labels-only),"abstraction_attempt, algebraic, curiosity, physical, procedural_focus, question, self_monitoring, transfer_attempt","abstraction_attempt, algebraic, curiosity, procedural_focus, question, self_monitoring, transfer_attempt"
1740,2,"this concept is still hazy for me. can you give me like a simpler story, something from daily life to understand it better?",EXPLAIN,EXPLAIN,(labels-only),"abstraction_attempt, cognitive_overload, confusion, curiosity, physical, question, self_monitoring, simplification_request, transfer_attempt, verbal_analogy","abstraction_attempt, cognitive_overload, confusion, curiosity, question, self_monitoring, simplification_request, transfer_attempt, verbal_analogy"
1748,2,where will i ever use this in my life? any practical application na?,EXPLAIN,EXPLAIN,(labels-only),"curiosity, physical, question, transfer_attempt","curiosity, question, transfer_attempt"
1752,2,can you give a simple non-math example for this logic? my brain is not getting it with numbers.,WORKED_EXAMPLE,ANALOGOUS_EXAMPLE,everyday->analogous_example,"abstraction_attempt, cognitive_overload, curiosity, example_request, question, self_monitoring, simplification_request, verbal_analogy","abstraction_attempt, cognitive_overload, curiosity, example_request, question, self_monitoring, simplification_request, verbal_analogy"
1755,2,"consistent, inconsistent, dependent systems, do they have real life examples where like, there's no solution or many solutions?",EXPLAIN,EXPLAIN,(labels-only),"curiosity, physical, question, transfer_attempt","curiosity, question, transfer_attempt"
1756,2,"tangents from external point are equal, this theorem, is it used in like designing gears or something in real life?",EXPLAIN,EXPLAIN,(labels-only),"algebraic, curiosity, diagrammatic, physical, question, transfer_attempt","algebraic, curiosity, diagrammatic, question, transfer_attempt"
1761,2,Why do we even learn this? Is there any practical use of it in our daily life?,EXPLAIN,EXPLAIN,(labels-only),"curiosity, physical, question, transfer_attempt","curiosity, question, transfer_attempt"
1771,2,Can you explain this using an example that's not maths? Like something from real life? I get it better then.,EXPLAIN,EXPLAIN,(labels-only),"curiosity, high_confidence, physical, question, self_monitoring, transfer_attempt","curiosity, high_confidence, question, self_monitoring, transfer_attempt"
1773,2,"Sir, is the path of a cricket ball hit by Virat Kohli like a parabola? Does that relate to these quadratic zeroes?",REPRESENTATION_TRANSLATION,REPRESENTATION_TRANSLATION,(labels-only),"algebraic, curiosity, graphical, physical, question, representation_shift, request_representation","algebraic, curiosity, graphical, question, representation_shift, request_representation"
1774,2,"This concept seems very theoretical, like when will we actually use this in real life?",EXPLAIN,EXPLAIN,(labels-only),"abstraction_attempt, curiosity, physical, question, transfer_attempt","abstraction_attempt, curiosity, question, transfer_attempt"
1777,2,"that you shape graph, like when we shoot a basketball, the ball makes a path like that na? is that the same thing as these quadratic zeroes?",REPRESENTATION_TRANSLATION,REPRESENTATION_TRANSLATION,(labels-only),"algebraic, curiosity, diagrammatic, graphical, physical, question, representation_shift, request_representation","algebraic, curiosity, diagrammatic, graphical, question, representation_shift, request_representation"
1779,2,where will i use this in real life? like what is the practical use of this whole topic?,EXPLAIN,EXPLAIN,(labels-only),"curiosity, physical, question, transfer_attempt","curiosity, question, transfer_attempt"
1783,2,"can you explain it using a daily life example? something non-maths, like cooking or sports?",EXPLAIN,EXPLAIN,(labels-only),"curiosity, physical, question, transfer_attempt, verbal_analogy","curiosity, question, transfer_attempt, verbal_analogy"
1791,2,"can you give me like an example from everyday life, not just math numbers? so i can understand better na.",WORKED_EXAMPLE,ANALOGOUS_EXAMPLE,everyday->analogous_example,"curiosity, example_request, question, self_monitoring","curiosity, example_request, question, self_monitoring"
1795,2,"consistent, inconsistent, dependent systems, what do these even mean in real life? like what situations have 'no solution' or 'infinite solutions'?",EXPLAIN,EXPLAIN,(labels-only),"algebraic, curiosity, physical, question, transfer_attempt","algebraic, curiosity, question, transfer_attempt"
1796,2,"this quadratic formula seems useful na, like for what kind of problems outside math?",EXPLAIN,EXPLAIN,(labels-only),"algebraic, curiosity, physical, procedural_focus, question","algebraic, curiosity, procedural_focus, question"
1797,2,"This proof by contradiction na, can you explain it using a daily life example instead of numbers? it's like proving by disproving right?",EXPLAIN,EXPLAIN,(labels-only),"abstraction_attempt, algebraic, answer_attempt, curiosity, physical, question, transfer_attempt","abstraction_attempt, algebraic, answer_attempt, curiosity, question, transfer_attempt"
1804,2,what's the practical purpose of studying this? will it help in engineering or something later?,EXPLAIN,EXPLAIN,(labels-only),"curiosity, physical, question, transfer_attempt","curiosity, question, transfer_attempt"
1806,2,what's the use of all this in real life? like what is the point of learning this?,EXPLAIN,EXPLAIN,(labels-only),"curiosity, physical, question, transfer_attempt","curiosity, question, transfer_attempt"
1808,2,"this concept is so abstract, my head can't grasp it. how does it connect to everyday things, like what we see around us?",EXPLAIN,EXPLAIN,(labels-only),"abstraction_attempt, cognitive_overload, curiosity, low_confidence, physical, question, transfer_attempt","abstraction_attempt, cognitive_overload, curiosity, low_confidence, question, transfer_attempt"
1810,2,"like how can we use HCF and LCM in real life? give me an example, like what problem can it solve?",ANALOGOUS_EXAMPLE,ANALOGOUS_EXAMPLE,(labels-only),"algebraic, curiosity, example_request, physical, procedural_focus, question, transfer_attempt","algebraic, curiosity, example_request, procedural_focus, question, transfer_attempt"
1818,2,"this is good but like in real life, where would i use this? is it important outside of school?",EXPLAIN,EXPLAIN,(labels-only),"curiosity, physical, question, transfer_attempt","curiosity, question, transfer_attempt"
1821,2,"that you-shape graph of quadratic, it's like a ball thrown in air path na? does physics explain why it's a parabola?",REPRESENTATION_TRANSLATION,REPRESENTATION_TRANSLATION,(labels-only),"algebraic, curiosity, diagrammatic, graphical, physical, question, representation_shift, request_representation","algebraic, curiosity, diagrammatic, graphical, question, representation_shift, request_representation"
1824,2,what's the big picture here? like why are we learning this? what's the use of this in future?,REPRESENTATION_TRANSLATION,EXPLAIN,utility->explain,"curiosity, question, representation_shift, request_representation","curiosity, question"
1825,2,"sin 30, cos 45, tan 60 values are so hard to remember na. any trick like a hand method or a table to make it easy?",REPRESENTATION_TRANSLATION,REPRESENTATION_TRANSLATION,(labels-only),"algebraic, curiosity, high_confidence, physical, procedural_focus, question, representation_shift, request_representation, shortcut_seeking, tabular","algebraic, curiosity, high_confidence, procedural_focus, question, representation_shift, request_representation, shortcut_seeking, tabular"
1827,2,"this tangent is 90 deg to radius rule, like is it always true? can you show me a real life thing where it's like that?",REPRESENTATION_TRANSLATION,REPRESENTATION_TRANSLATION,(labels-only),"curiosity, diagrammatic, physical, question, representation_shift, request_representation, transfer_attempt","curiosity, diagrammatic, question, representation_shift, request_representation, transfer_attempt"
1837,2,"All this math na, like where do we even use it outside school? Is it useful for anything?",EXPLAIN,EXPLAIN,(labels-only),"curiosity, physical, question, transfer_attempt","curiosity, question, transfer_attempt"
1838,2,"This you-shaped graph for quadratics, does it look like anything in real life? Like maybe a bridge or something?",REPRESENTATION_TRANSLATION,REPRESENTATION_TRANSLATION,(labels-only),"curiosity, graphical, physical, question, representation_shift, request_representation, transfer_attempt","curiosity, graphical, question, representation_shift, request_representation, transfer_attempt"
1840,2,"Can you explain this using an everyday example, like not just numbers and formulas?",SOCRATIC_Q,ANALOGOUS_EXAMPLE,everyday->analogous_example,"curiosity, question","curiosity, example_request, question"
1845,2,"Sir, can you give me one practical problem from real life for this topic? Not a textbook one, a real one.",ANALOGOUS_EXAMPLE,ANALOGOUS_EXAMPLE,(labels-only),"conflict, curiosity, example_request, physical, question, transfer_attempt","conflict, curiosity, example_request, question, transfer_attempt"
1850,2,"lengths of tangents from external point are equal, it's always true na? is there any place in real life where two lines from one point to a circle are equal like this?",EXPLAIN,EXPLAIN,(labels-only),"curiosity, diagrammatic, physical, question, transfer_attempt","curiosity, diagrammatic, question, transfer_attempt"
1855,2,"sir this tangent perpendicular to radius rule, like is it always true? can you show me a real life thing where it's like that?",REPRESENTATION_TRANSLATION,REPRESENTATION_TRANSLATION,(labels-only),"curiosity, diagrammatic, physical, question, representation_shift, request_representation, transfer_attempt","curiosity, diagrammatic, question, representation_shift, request_representation, transfer_attempt"
1858,2,"sir, like what is the use of all this in real life? where would I ever need to know this?",EXPLAIN,EXPLAIN,(labels-only),"curiosity, physical, question, transfer_attempt","curiosity, question, transfer_attempt"
1865,2,"trigonometry na? what's the use of it? like where do people actually use this in real life, engineering n all?",EXPLAIN,EXPLAIN,(labels-only),"curiosity, physical, question, transfer_attempt","curiosity, question, transfer_attempt"
1883,2,"The you-shape graph of quadratic equations, like the parabola, is it like the path of a ball when we throw it? Does that also connect to the zeroes?",REPRESENTATION_TRANSLATION,REPRESENTATION_TRANSLATION,(labels-only),"algebraic, curiosity, diagrammatic, graphical, physical, question, representation_shift, request_representation","algebraic, curiosity, diagrammatic, graphical, question, representation_shift, request_representation"
1888,2,"when we calculate surface area of a complex thing like a tent, is it like we are calculating how much cloth we need to make it? like practical use?",EXPLAIN,EXPLAIN,(labels-only),"algebraic, curiosity, physical, procedural_focus, question, transfer_attempt","algebraic, curiosity, procedural_focus, question, transfer_attempt"
1889,2,can you tell me a real life story where this math is actually used? makes it easier to remember na.,EXPLAIN,EXPLAIN,(labels-only),"curiosity, physical, question, simplification_request, transfer_attempt, verbal_analogy","curiosity, question, simplification_request, transfer_attempt, verbal_analogy"
1904,2,"proof by contradiction is like, you pretend something is true to show it must be false? can you give a non-math example please, this logic is confusing.",WORKED_EXAMPLE,ANALOGOUS_EXAMPLE,everyday->analogous_example,"abstraction_attempt, algebraic, confusion, curiosity, example_request, question, verbal_analogy","abstraction_attempt, algebraic, confusion, curiosity, example_request, question, verbal_analogy"
1912,2,where can i see this in real life? like what is the use of learning this?,EXPLAIN,EXPLAIN,(labels-only),"curiosity, physical, question, transfer_attempt","curiosity, question, transfer_attempt"
1915,2,"this ap thing, where is it even used? like in real life, not just in sums.",EXPLAIN,EXPLAIN,(labels-only),"algebraic, curiosity, physical, question, transfer_attempt","algebraic, curiosity, question, transfer_attempt"
1917,2,is this concept like useful for something practical? or just for exams only?,EXPLAIN,EXPLAIN,(labels-only),"abstraction_attempt, anxiety, curiosity, physical, question, transfer_attempt","abstraction_attempt, anxiety, curiosity, question, transfer_attempt"
1927,2,"combining solids and finding volume, like is it same as finding volume of a house? where is this used in real life constructions?",EXPLAIN,EXPLAIN,(labels-only),"algebraic, curiosity, diagrammatic, physical, question, transfer_attempt","algebraic, curiosity, diagrammatic, question, transfer_attempt"
1931,2,"what's the big picture here, like what is the use of learning all this complicated stuff?",REPRESENTATION_TRANSLATION,EXPLAIN,utility->explain,"curiosity, question, representation_shift, request_representation","curiosity, question"
1935,2,"this tangent is perpendicular to radius rule, is it used in daily life anywhere? like in some machine or something?",EXPLAIN,EXPLAIN,(labels-only),"curiosity, diagrammatic, physical, question, transfer_attempt","curiosity, diagrammatic, question, transfer_attempt"
1939,2,why are we learning this only? is it important for higher studies or something practical?,EXPLAIN,EXPLAIN,(labels-only),"curiosity, physical, question, transfer_attempt","curiosity, question, transfer_attempt"
1941,2,"can you give me a real life example problem for this topic, something i can relate to?",ANALOGOUS_EXAMPLE,ANALOGOUS_EXAMPLE,(labels-only),"curiosity, example_request, physical, question, self_monitoring, transfer_attempt","curiosity, example_request, question, self_monitoring, transfer_attempt"
1947,2,"AP in real life, like what? is it for counting money growing in a fixed way or something?",EXPLAIN,EXPLAIN,(labels-only),"algebraic, curiosity, physical, question, transfer_attempt","algebraic, curiosity, question, transfer_attempt"
1956,2,What's the practical use of all this math we are learning? like in actual jobs?,EXPLAIN,EXPLAIN,(labels-only),"curiosity, physical, question, transfer_attempt","curiosity, question, transfer_attempt"
1960,2,Is there like a simple story or a daily life example for this concept? i think it will help me understand better.,EXPLAIN,EXPLAIN,(labels-only),"abstraction_attempt, curiosity, physical, question, self_monitoring, simplification_request, transfer_attempt, verbal_analogy","abstraction_attempt, curiosity, question, self_monitoring, simplification_request, transfer_attempt, verbal_analogy"
1965,2,"this whole trig chapter, why is it even there? like what is it used for in real life only?",EXPLAIN,EXPLAIN,(labels-only),"curiosity, physical, question, transfer_attempt","curiosity, question, transfer_attempt"
1973,2,"that you shape graph for quadratics, like a ball flying in air, is it the same concept or just looks similar?",REPRESENTATION_TRANSLATION,REPRESENTATION_TRANSLATION,(labels-only),"abstraction_attempt, curiosity, diagrammatic, graphical, physical, question, representation_shift, request_representation","abstraction_attempt, curiosity, diagrammatic, graphical, question, representation_shift, request_representation"
1980,2,what's the big picture here? like why is this important for me to learn?,REPRESENTATION_TRANSLATION,EXPLAIN,utility->explain,"curiosity, question, representation_shift, request_representation, self_monitoring","curiosity, question, self_monitoring"
1981,2,"mean, median, mode. when do we use each in real life? like what situation needs which one?",EXPLAIN,EXPLAIN,(labels-only),"algebraic, curiosity, physical, question, transfer_attempt","algebraic, curiosity, question, transfer_attempt"
2001,2,"can you give like a very simple situation where this concept would be useful, outside of math class?",EXPLAIN,EXPLAIN,(labels-only),"abstraction_attempt, curiosity, physical, question, simplification_request, transfer_attempt","abstraction_attempt, curiosity, question, simplification_request, transfer_attempt"
2003,2,"volume of combined solids, is it like when we fill water in a bottle that has a cap on it? like adding the volume of cap and bottle?",REPRESENTATION_TRANSLATION,REPRESENTATION_TRANSLATION,(labels-only),"algebraic, curiosity, diagrammatic, physical, question, representation_shift, request_representation","algebraic, curiosity, diagrammatic, question, representation_shift, request_representation"
2004,2,is there like an everyday example for this math thing? i always understand better with real life examples.,EXPLAIN,EXPLAIN,(labels-only),"curiosity, physical, question, transfer_attempt","curiosity, question, transfer_attempt"
2016,2,where will i use this in real life? like what's the use of this topic only?,EXPLAIN,EXPLAIN,(labels-only),"curiosity, physical, question, transfer_attempt","curiosity, question, transfer_attempt"
2028,2,so like what's the use of learning all this complex stuff? real life connection?,EXPLAIN,EXPLAIN,(labels-only),"curiosity, physical, question, transfer_attempt","curiosity, question, transfer_attempt"
2037,2,what's the point of learning this? like where would i even apply this in real life?,EXPLAIN,EXPLAIN,(labels-only),"curiosity, physical, question, transfer_attempt","curiosity, question, transfer_attempt"
2042,2,"AP applications, like in real life where do you see things growing like that, in a pattern?",EXPLAIN,EXPLAIN,(labels-only),"algebraic, curiosity, physical, question, transfer_attempt","algebraic, curiosity, question, transfer_attempt"
2045,2,trigonometry is just about triangles na? what's the use of knowing like angles and sides in real life?,EXPLAIN,EXPLAIN,(labels-only),"curiosity, diagrammatic, physical, question, transfer_attempt","curiosity, diagrammatic, question, transfer_attempt"
2051,2,"this is too abstract, what real problem does this thing solve in daily life?",EXPLAIN,EXPLAIN,(labels-only),"abstraction_attempt, curiosity, physical, procedural_focus, question, transfer_attempt","abstraction_attempt, curiosity, procedural_focus, question, transfer_attempt"
2052,2,"proof by contradiction is like assuming something is true and then showing it leads to a problem? can you give a simple everyday example, not math?",WORKED_EXAMPLE,ANALOGOUS_EXAMPLE,everyday->analogous_example,"abstraction_attempt, algebraic, curiosity, example_request, question, simplification_request","abstraction_attempt, algebraic, curiosity, example_request, question, simplification_request"
2054,2,"this you-shape graph for quadratic, is it like the path a ball makes when you throw it up? so the zeroes are where it hits the ground na?",REPRESENTATION_TRANSLATION,REPRESENTATION_TRANSLATION,(labels-only),"algebraic, curiosity, diagrammatic, graphical, physical, question, representation_shift, request_representation","algebraic, curiosity, diagrammatic, graphical, question, representation_shift, request_representation"
2065,2,is this used for anything in like real life or just for math problems?,EXPLAIN,EXPLAIN,(labels-only),"curiosity, physical, question, transfer_attempt","curiosity, question, transfer_attempt"
2066,2,"the you shaped graph of quadratic, it's like a ball thrown in air na? does it have any relation to physics?",REPRESENTATION_TRANSLATION,REPRESENTATION_TRANSLATION,(labels-only),"algebraic, curiosity, graphical, physical, question, representation_shift, request_representation","algebraic, curiosity, graphical, question, representation_shift, request_representation"
2086,2,"finding mean for this big data is too much work, in real life who actually does this? like is there a machine?",EXPLAIN,EXPLAIN,(labels-only),"algebraic, cognitive_overload, curiosity, physical, question, transfer_attempt","algebraic, cognitive_overload, curiosity, question, transfer_attempt"
2100,2,"this whole math thing, where does it apply in real life? like what job uses this?",EXPLAIN,EXPLAIN,(labels-only),"curiosity, physical, question, transfer_attempt","curiosity, question, transfer_attempt"
2107,2,can you make it simple? like give an example from cricket or something everyday?,WORKED_EXAMPLE,ANALOGOUS_EXAMPLE,everyday->analogous_example,"curiosity, example_request, question, simplification_request","curiosity, example_request, question, simplification_request"
2113,2,"the height and distance problems, like measuring height of a pole using angle of elevation... this is actually useful na?",EXPLAIN,EXPLAIN,(labels-only),"curiosity, diagrammatic, physical, question, transfer_attempt","curiosity, diagrammatic, question, transfer_attempt"
2114,2,"quadratic equation, is it used for like predicting how a rocket flies or like the path of a ball?",REPRESENTATION_TRANSLATION,REPRESENTATION_TRANSLATION,(labels-only),"algebraic, curiosity, physical, question, representation_shift, request_representation","algebraic, curiosity, question, representation_shift, request_representation"
2115,2,"this mean of grouped data, like when will we actually use this in real life? any examples?",EXPLAIN,EXPLAIN,(labels-only),"algebraic, curiosity, physical, question, transfer_attempt","algebraic, curiosity, question, transfer_attempt"
2116,2,can you explain it with some other example not from maths? like a daily life analogy.,EXPLAIN,EXPLAIN,(labels-only),"curiosity, physical, question, transfer_attempt, verbal_analogy","curiosity, question, transfer_attempt, verbal_analogy"
2120,2,"this proof by contradiction, like can you give a simple daily life example to explain it? like without numbers.",ANALOGOUS_EXAMPLE,ANALOGOUS_EXAMPLE,(labels-only),"abstraction_attempt, algebraic, curiosity, example_request, physical, question, simplification_request, transfer_attempt","abstraction_attempt, algebraic, curiosity, example_request, question, simplification_request, transfer_attempt"
2125,2,"this concept is very abstract na, can you give me a daily life analogy for it?",EXPLAIN,EXPLAIN,(labels-only),"abstraction_attempt, curiosity, physical, question, transfer_attempt, verbal_analogy","abstraction_attempt, curiosity, question, transfer_attempt, verbal_analogy"
2127,2,where can I actually use this outside of school? like for what kind of job?,EXPLAIN,EXPLAIN,(labels-only),"curiosity, physical, question, transfer_attempt","curiosity, question, transfer_attempt"
2128,2,"proof by contradiction means like, you prove something is true by assuming it's false and then it breaks? like in real life?",EXPLAIN,EXPLAIN,(labels-only),"abstraction_attempt, algebraic, curiosity, physical, question, transfer_attempt","abstraction_attempt, algebraic, curiosity, question, transfer_attempt"
2136,2,"the quadratic formula, it's always giving two answers right? is it like in real life when you have two options for something?",EXPLAIN,EXPLAIN,(labels-only),"algebraic, answer_attempt, curiosity, physical, procedural_focus, question, transfer_attempt","algebraic, answer_attempt, curiosity, procedural_focus, question, transfer_attempt"
2159,2,where can I use this in real life? like what's the big point of this chapter? just telling the formula is not helping me understand the why.,EXPLAIN,EXPLAIN,(labels-only),"algebraic, curiosity, physical, procedural_focus, question, shortcut_seeking, transfer_attempt","algebraic, curiosity, procedural_focus, question, shortcut_seeking, transfer_attempt"
2165,2,"can you give me a daily life example of this, not like some complicated math problem.",ANALOGOUS_EXAMPLE,ANALOGOUS_EXAMPLE,(labels-only),"curiosity, example_request, physical, question, transfer_attempt","curiosity, example_request, question, transfer_attempt"
2178,2,"Can you give a very simple example from our daily life for this one, please? like something kids would understand.",ANALOGOUS_EXAMPLE,ANALOGOUS_EXAMPLE,(labels-only),"curiosity, example_request, physical, question, simplification_request, transfer_attempt","curiosity, example_request, question, simplification_request, transfer_attempt"
2188,2,AP is okay but where do we even use it outside school? like in what jobs or real life things?,EXPLAIN,EXPLAIN,(labels-only),"algebraic, curiosity, physical, question, transfer_attempt","algebraic, curiosity, question, transfer_attempt"
2191,2,"just give me a very easy example problem, like a simple daily life situation. not the complex ones please.",ANALOGOUS_EXAMPLE,ANALOGOUS_EXAMPLE,(labels-only),"curiosity, example_request, high_confidence, physical, shortcut_seeking, simplification_request, transfer_attempt","curiosity, example_request, high_confidence, shortcut_seeking, simplification_request, transfer_attempt"
2192,2,"that you shape graph of quadratic equations, does it like show the path of a ball thrown? are they related?",REPRESENTATION_TRANSLATION,REPRESENTATION_TRANSLATION,(labels-only),"algebraic, curiosity, diagrammatic, graphical, physical, question, representation_shift, request_representation","algebraic, curiosity, diagrammatic, graphical, question, representation_shift, request_representation"
2193,2,what is the use of this in real life? like why should I even study this topic?,EXPLAIN,EXPLAIN,(labels-only),"curiosity, physical, question, transfer_attempt","curiosity, question, transfer_attempt"
2194,2,"this quadratic equations for real life problems is important na. can you show one more unique problem, like different from the book?",EXPLAIN,EXPLAIN,(labels-only),"algebraic, conflict, curiosity, physical, question, transfer_attempt","algebraic, conflict, curiosity, question, transfer_attempt"
2195,2,sir is this math like used by engineers or something? like what's the use of this in real life?,EXPLAIN,EXPLAIN,(labels-only),"curiosity, physical, question, transfer_attempt","curiosity, question, transfer_attempt"
2206,2,what's the point of learning this na? where does it actually apply in real life?,EXPLAIN,EXPLAIN,(labels-only),"curiosity, physical, question, transfer_attempt","curiosity, question, transfer_attempt"
2228,3,"this AP sum formula, where do we actually use this in real life, seems so theoretical only",EXPLAIN,EXPLAIN,(labels-only),"algebraic, curiosity, physical, procedural_focus, question, transfer_attempt","algebraic, curiosity, procedural_focus, question, transfer_attempt"
2233,3,"I just want to pass this exam, not become a mathematician. This is too much detail.",EXPLAIN,ENCOURAGE,overload->encourage,"anxiety, cognitive_overload","anxiety, cognitive_overload"
2246,3,why are we doing these quadratic equations? this is so useless in real life.,EXPLAIN,EXPLAIN,(labels-only),"algebraic, curiosity, physical, question, transfer_attempt","algebraic, curiosity, question, transfer_attempt"
2247,3,"i just want to pass this exam, i don't need to understand everything",EXPLAIN,ENCOURAGE,overload->encourage,anxiety,anxiety
2250,3,"all these numbers and factors for HCF LCM are too much for my head, can we just use a calculator?",EXPLAIN,ENCOURAGE,overload->encourage,"algebraic, cognitive_overload, curiosity, question","algebraic, cognitive_overload, question"
2253,3,"Why is this even important, like in real life I won't use it only na?",EXPLAIN,EXPLAIN,(labels-only),"curiosity, physical, question, transfer_attempt","curiosity, question, transfer_attempt"
2264,3,"trigonometry is useless na, why do we even study this? never gonna use it in real life",EXPLAIN,EXPLAIN,(labels-only),"curiosity, physical, question, transfer_attempt","curiosity, question, transfer_attempt"
2272,3,"i just don't wanna do this today, it's too much stress for me",EXPLAIN,ENCOURAGE,overload->encourage,"cognitive_overload, curiosity, question, self_monitoring","cognitive_overload, question, self_monitoring"
2281,3,AP word problems are so fake na? Like who needs this arithmetic progression in real life only?,EXPLAIN,EXPLAIN,(labels-only),"algebraic, curiosity, physical, question, transfer_attempt","algebraic, curiosity, question, transfer_attempt"
2293,3,"this is too much theory for one day, my head is full",EXPLAIN,ENCOURAGE,overload->encourage,"abstraction_attempt, cognitive_overload","abstraction_attempt, cognitive_overload"
2309,3,"my brain is melting, this chapter is too much",EXPLAIN,ENCOURAGE,overload->encourage,"cognitive_overload, self_monitoring","cognitive_overload, self_monitoring"
2315,3,"this is so much to remember, my brain will explode",EXPLAIN,ENCOURAGE,overload->encourage,"cognitive_overload, self_monitoring","cognitive_overload, self_monitoring"
2334,3,"just tell me the final answer directly na, I just want to pass this exam, not become a math whiz",EXPLAIN,ENCOURAGE,overload->encourage,"anxiety, procedural_focus, shortcut_seeking","anxiety, procedural_focus, shortcut_seeking"
2355,3,"i will never get this, my brain is not working today",EXPLAIN,ENCOURAGE,overload->encourage,"cognitive_overload, confusion, self_monitoring","cognitive_overload, confusion, self_monitoring"
2386,3,"i'll never understand math, it's too much for my brain",EXPLAIN,ENCOURAGE,overload->encourage,"cognitive_overload, self_monitoring","cognitive_overload, self_monitoring"
2397,3,"my head is hurting, i need a break, too much info",EXPLAIN,ENCOURAGE,overload->encourage,"cognitive_overload, self_monitoring","cognitive_overload, self_monitoring"
2429,3,"mean median mode na, why are there so many ways to find average? is it useful in real life for anything?",EXPLAIN,EXPLAIN,(labels-only),"algebraic, curiosity, physical, question, transfer_attempt","algebraic, curiosity, question, transfer_attempt"
2455,3,this is like too much theory and no practical use na? i am bored.,EXPLAIN,EXPLAIN,(labels-only),"abstraction_attempt, cognitive_overload, curiosity, disengagement, frustration, physical, question, transfer_attempt","abstraction_attempt, cognitive_overload, curiosity, disengagement, frustration, question, transfer_attempt"
2457,3,"sir this sin cos tan na, i don't understand why we have to learn it when calculator can do everything.",EXPLAIN,EXPLAIN,(labels-only),"algebraic, curiosity, question","algebraic, confusion, curiosity, question"
2471,3,"mean median mode problems take forever to calculate for big data sets. too much calculation, my hand hurts",REPRESENTATION_TRANSLATION,REPRESENTATION_TRANSLATION,(labels-only),"algebraic, cognitive_overload, physical, procedural_focus, representation_shift, request_representation","algebraic, cognitive_overload, procedural_focus, representation_shift, request_representation"
2518,3,"trigonometry ratios, sin cos tan, what is the use of learning all this? it's not even useful in real life.",EXPLAIN,EXPLAIN,(labels-only),"algebraic, curiosity, physical, question, transfer_attempt","algebraic, curiosity, question, transfer_attempt"
2524,3,"this sum of AP formula is too much to remember, just give me the short version for exam please",EXPLAIN,ENCOURAGE,overload->encourage,"algebraic, anxiety, cognitive_overload, curiosity, procedural_focus, shortcut_seeking","algebraic, anxiety, cognitive_overload, procedural_focus, shortcut_seeking"
2525,3,"too many things to learn, my head is full now, just tell me the answer",EXPLAIN,ENCOURAGE,overload->encourage,"cognitive_overload, procedural_focus, shortcut_seeking","cognitive_overload, procedural_focus, shortcut_seeking"
2533,3,"yaar this is too much for my small brain, i just want to pass this exam.",EXPLAIN,ENCOURAGE,overload->encourage,"anxiety, cognitive_overload","anxiety, cognitive_overload"
2552,3,"probability formula n all, it's just for exams na? in real life no one calculates like this",EXPLAIN,EXPLAIN,(labels-only),"algebraic, anxiety, curiosity, physical, procedural_focus, question, transfer_attempt","algebraic, anxiety, curiosity, procedural_focus, question, transfer_attempt"
2602,3,what's the use of finding probability of like picking a red ball? it's just random right? why bother with formulas,REPRESENTATION_TRANSLATION,REPRESENTATION_TRANSLATION,(labels-only),"algebraic, answer_attempt, curiosity, physical, question, representation_shift, request_representation","algebraic, answer_attempt, curiosity, question, representation_shift, request_representation"
2606,3,"why do i have to prove root 2 is irrational again n again, it's not useful outside exam hall na",EXPLAIN,EXPLAIN,(labels-only),"abstraction_attempt, algebraic, anxiety, curiosity, physical, question, recurring_error","abstraction_attempt, algebraic, anxiety, curiosity, question, recurring_error"
2654,3,"trigonometry is just too abstract, how will this even help me in future, like will i ever use sin cos in real life?",EXPLAIN,EXPLAIN,(labels-only),"abstraction_attempt, algebraic, curiosity, physical, question, transfer_attempt","abstraction_attempt, algebraic, curiosity, question, transfer_attempt"
2663,3,"i don't get this at all, my brain is not working today",EXPLAIN,ENCOURAGE,overload->encourage,"cognitive_overload, confusion, self_monitoring","cognitive_overload, confusion, self_monitoring"
2669,3,"i just want to pass, i don't need to understand everything properly. just tell me what comes in exam.",EXPLAIN,ENCOURAGE,overload->encourage,"anxiety, curiosity, question, shortcut_seeking","anxiety, question, shortcut_seeking"
2674,3,"trigonometry is so useless na, who even uses sin cos in real life? just tell me what's important for exam.",EXPLAIN,EXPLAIN,(labels-only),"algebraic, anxiety, curiosity, physical, question, shortcut_seeking, transfer_attempt","algebraic, anxiety, curiosity, question, shortcut_seeking, transfer_attempt"
2681,3,"my head is paining, i don't understand anything anymore.",ENCOURAGE,ENCOURAGE,(labels-only),cognitive_overload,"cognitive_overload, confusion"
2723,3,"i just want to pass this exam, don't care about anything else in math",EXPLAIN,ENCOURAGE,overload->encourage,anxiety,anxiety
2739,3,"what's the use of learning this coordinate geometry in real life, seems pointless",EXPLAIN,EXPLAIN,(labels-only),"curiosity, physical, question, transfer_attempt","curiosity, question, transfer_attempt"
2755,3,"this trigonometry thing, what is the point of learning this? when will I ever use sin cos tan in real life?",EXPLAIN,EXPLAIN,(labels-only),"algebraic, curiosity, physical, question, transfer_attempt","algebraic, curiosity, question, transfer_attempt"
2768,3,"i just want to pass the exam, so just tell me what are the important questions for this chapter, don't need to explain everything",EXPLAIN,ENCOURAGE,overload->encourage,"anxiety, curiosity, question, shortcut_seeking","anxiety, question, shortcut_seeking"
2770,3,"all these proofs na, BPT, converse BPT, similar triangles, so much to remember. i just hope they ask direct questions",EXPLAIN,ENCOURAGE,overload->encourage,"algebraic, diagrammatic","algebraic, diagrammatic"
2780,3,why probability is important for my 10th class exams only? it's not coming in real life.,EXPLAIN,EXPLAIN,(labels-only),"algebraic, anxiety, curiosity, physical, question, transfer_attempt","algebraic, anxiety, curiosity, question, transfer_attempt"
2790,3,when will i ever use surface area of a combined solid in real life haan? like is it actually useful or just for exams?,EXPLAIN,EXPLAIN,(labels-only),"algebraic, anxiety, curiosity, diagrammatic, physical, question, transfer_attempt","algebraic, anxiety, curiosity, diagrammatic, question, transfer_attempt"
2824,3,what's the point of learning all this? i just want to pass the exam,EXPLAIN,ENCOURAGE,overload->encourage,"anxiety, curiosity, question","anxiety, question"
2834,3,why are we even learning all this stuff na? it's not going to be useful in real life.,EXPLAIN,EXPLAIN,(labels-only),"curiosity, physical, question, transfer_attempt","curiosity, question, transfer_attempt"
2841,3,"these trig identities are just too many to remember, will they give us a formula sheet in exam? otherwise i will fail.",EXPLAIN,ENCOURAGE,giveup->encourage,"algebraic, anxiety, cognitive_overload, curiosity, low_confidence, procedural_focus, question, shortcut_seeking, tabular","algebraic, anxiety, cognitive_overload, low_confidence, procedural_focus, question, shortcut_seeking, tabular"
2851,3,"lengths of tangents from external point are equal, ok i know that, but why is this useful in real life? just seems like a random fact.",EXPLAIN,EXPLAIN,(labels-only),"curiosity, diagrammatic, high_confidence, physical, question, transfer_attempt","curiosity, diagrammatic, high_confidence, question, transfer_attempt"
2856,3,"these combined solids surface area problems are too big, just give the final answer please, my hand hurts writing",REPRESENTATION_TRANSLATION,REPRESENTATION_TRANSLATION,(labels-only),"algebraic, diagrammatic, physical, procedural_focus, representation_shift, request_representation, shortcut_seeking","algebraic, diagrammatic, procedural_focus, representation_shift, request_representation, shortcut_seeking"
2861,3,"BPT theorem, like what is the point of learning this if i can just measure lines with a scale in real life?",EXPLAIN,EXPLAIN,(labels-only),"algebraic, curiosity, diagrammatic, physical, question, self_monitoring, transfer_attempt","algebraic, curiosity, diagrammatic, question, self_monitoring, transfer_attempt"
2876,3,"I'm just tired, my brain is not working anymore. Can we stop for today?",EXPLAIN,ENCOURAGE,overload->encourage,"cognitive_overload, confusion, curiosity, question, self_monitoring","cognitive_overload, confusion, question, self_monitoring"
2883,3,"quadratic formula is like too much to remember, can i just factorize always na for answers?",EXPLAIN,ENCOURAGE,overload->encourage,"algebraic, cognitive_overload, curiosity, procedural_focus, question","algebraic, cognitive_overload, procedural_focus, question"
2901,3,"BPT theorem, what's the use of this in real life? like will I ever use this property outside of school?",EXPLAIN,EXPLAIN,(labels-only),"algebraic, curiosity, physical, question, transfer_attempt","algebraic, curiosity, question, transfer_attempt"
2914,3,"this is so boring, when will we use this? no use only for real life",EXPLAIN,EXPLAIN,(labels-only),"curiosity, disengagement, frustration, physical, question, transfer_attempt","curiosity, disengagement, frustration, question, transfer_attempt"
2956,3,"this is so hard yaar, i don't understand anything.",EXPLAIN,EXPLAIN,(labels-only),self_monitoring,"confusion, self_monitoring"
2967,3,"all these sin cos identities are too much to remember, i just confuse everything, can i just learn 1-2 only?",EXPLAIN,ENCOURAGE,overload->encourage,"algebraic, cognitive_overload, confusion, curiosity, question","algebraic, cognitive_overload, confusion, question"
2974,3,"what if i don't understand this part, can i still pass the exam?",EXPLAIN,EXPLAIN,(labels-only),"anxiety, curiosity, question","anxiety, confusion, curiosity, question"
2990,3,"why are we learning this BPT theorem, like what is it's use? it seems useless for real life",EXPLAIN,EXPLAIN,(labels-only),"algebraic, curiosity, physical, question, transfer_attempt","algebraic, curiosity, question, transfer_attempt"
3018,3,"sin square + cos square = 1, like what even is the use of this in real life? just formulas na",EXPLAIN,EXPLAIN,(labels-only),"algebraic, answer_attempt, curiosity, physical, question, transfer_attempt","algebraic, answer_attempt, curiosity, question, transfer_attempt"
3025,3,why do we need sin cos and all this? what is the use of it in real life? just tell me na,EXPLAIN,EXPLAIN,(labels-only),"algebraic, curiosity, physical, question, shortcut_seeking, transfer_attempt","algebraic, curiosity, question, shortcut_seeking, transfer_attempt"
3031,3,"all these quadratic formulas are too much to remember, like the discriminant and all. just tell me the main one",EXPLAIN,ENCOURAGE,overload->encourage,"algebraic, cognitive_overload, shortcut_seeking","algebraic, cognitive_overload, shortcut_seeking"
3062,3,"this is just too much theory for one day, my head is full now",EXPLAIN,ENCOURAGE,overload->encourage,"abstraction_attempt, cognitive_overload","abstraction_attempt, cognitive_overload"
3069,3,what is the real use of this chapter? like in real life i mean,EXPLAIN,EXPLAIN,(labels-only),"algebraic, curiosity, physical, question, self_correction, transfer_attempt","algebraic, curiosity, question, self_correction, transfer_attempt"
3079,3,"i already know this, can we skip to the next part please?",METACOGNITIVE_REFLECT,RESUME_STATE,advance->resume_state,"curiosity, disengagement, environmental_feedback, high_confidence, question","curiosity, disengagement, environmental_feedback, high_confidence, question"
3082,3,"this is too much theory na, when will I ever use this coordinate geometry in real life?",EXPLAIN,EXPLAIN,(labels-only),"abstraction_attempt, cognitive_overload, curiosity, physical, question, transfer_attempt","abstraction_attempt, cognitive_overload, curiosity, question, transfer_attempt"
3086,3,"i don't understand this problem, just give me the formula and i will put the values",WORKED_EXAMPLE,WORKED_EXAMPLE,(labels-only),"algebraic, curiosity, procedural_focus, shortcut_seeking","algebraic, confusion, curiosity, procedural_focus, shortcut_seeking"
3124,3,"can we just do some practical problems now, this theory is making me sleepy",EXPLAIN,EXPLAIN,(labels-only),"abstraction_attempt, curiosity, physical, question, transfer_attempt","abstraction_attempt, curiosity, question, transfer_attempt"
3140,3,"sir, can i just use the direct method for mean always? assumed mean and step deviation are too much to remember.",EXPLAIN,ENCOURAGE,overload->encourage,"algebraic, cognitive_overload, curiosity, procedural_focus, question, self_monitoring","algebraic, cognitive_overload, procedural_focus, question, self_monitoring"
3167,3,"what is the use of all this in real life? like seriously, where will i use this?",EXPLAIN,EXPLAIN,(labels-only),"curiosity, physical, question, transfer_attempt","curiosity, question, transfer_attempt"
3254,3,"sir this is too much for my head, can you just give me the answer please, no one will know",EXPLAIN,ENCOURAGE,overload->encourage,"cognitive_overload, curiosity, procedural_focus, question, shortcut_seeking","cognitive_overload, procedural_focus, question, shortcut_seeking"
3258,3,why are we learning this? like what is the use of this in real life?,EXPLAIN,EXPLAIN,(labels-only),"curiosity, physical, question, transfer_attempt","curiosity, question, transfer_attempt"
3271,3,"trig ratios for specific angles, how will i use this 30 degree in real life for something? who measures angles like this?",EXPLAIN,EXPLAIN,(labels-only),"curiosity, diagrammatic, physical, question, transfer_attempt","curiosity, diagrammatic, question, transfer_attempt"
3275,3,"sin cos tan n all, why do we even study this? useless in real life.",EXPLAIN,EXPLAIN,(labels-only),"algebraic, curiosity, physical, question, transfer_attempt","algebraic, curiosity, question, transfer_attempt"
3297,3,"these height and distance problems are so made up, why do i need to calculate tree height? it's not useful",EXPLAIN,EXPLAIN,(labels-only),"curiosity, physical, procedural_focus, question, self_monitoring, transfer_attempt","curiosity, procedural_focus, question, self_monitoring, transfer_attempt"
3305,3,"Proving root 2 is irrational, like why do we even need to know this in real life? It seems totally useless.",EXPLAIN,EXPLAIN,(labels-only),"algebraic, curiosity, physical, question, transfer_attempt","algebraic, curiosity, question, transfer_attempt"
3317,3,"why do we have two formulas for sum of n terms of AP? just one is enough na, too much to remember.",EXPLAIN,ENCOURAGE,overload->encourage,"algebraic, cognitive_overload, curiosity, question","algebraic, cognitive_overload, question"
3352,4,"i don't understand why x can't be negative in this square root problem, is it something about real numbers?",ENCOURAGE,ENCOURAGE,(labels-only),"algebraic, curiosity, low_confidence, question, transfer_attempt","algebraic, confusion, curiosity, low_confidence, question, transfer_attempt"
3390,4,"i already know how to combine solids, can we just do problems direct now?",EXPLAIN,TRANSFER_PROBLEM,advance->transfer_problem,"curiosity, diagrammatic, environmental_feedback, high_confidence, question","curiosity, diagrammatic, environmental_feedback, high_confidence, question"
3427,4,"i don't understand how this contradiction thing works, can we just do like simpler proofs first?",SOCRATIC_Q,EXPLAIN,confusion->explain,"curiosity, question, simplification_request","confusion, curiosity, question, simplification_request"
3436,4,"i don't remember how to do proof by contradiction, this concept needs that only na? can you remind me fast?",SOCRATIC_Q,BRIDGE_RECAP,prereq->bridge_recap,"abstraction_attempt, algebraic, curiosity, question","abstraction_attempt, algebraic, curiosity, question"
3443,4,"BPT is clear for me, is the converse also similar concept, or something new?",QUIZ,TRANSFER_PROBLEM,advance->transfer_problem,"abstraction_attempt, algebraic, curiosity, high_confidence, question, self_monitoring","abstraction_attempt, algebraic, curiosity, high_confidence, question, self_monitoring"
3456,4,"this is getting kinda boring na, can we like move to something more practical?",RESUME_STATE,RESUME_STATE,(labels-only),"curiosity, disengagement, frustration, physical, question, ready_for_next, topic_shift, transfer_attempt","curiosity, disengagement, frustration, question, ready_for_next, topic_shift, transfer_attempt"
3463,4,i can't understand this sum of AP terms at all. can we go back to finding just the nth term first?,BRIDGE_RECAP,BRIDGE_RECAP,(labels-only),"algebraic, curiosity, low_confidence, prerequisite_awareness, prerequisite_weakness, question, self_monitoring","algebraic, confusion, curiosity, low_confidence, prerequisite_awareness, prerequisite_weakness, question, self_monitoring"
3473,4,"Quadratic formula i know, but how to use it for like real life problems? can we see that?",EXPLAIN,EXPLAIN,(labels-only),"algebraic, curiosity, high_confidence, physical, procedural_focus, question, transfer_attempt","algebraic, curiosity, high_confidence, procedural_focus, question, transfer_attempt"
3542,4,"this whole proof by contradiction na, i don't remember how to do proofs only from last year. is it a prerequisite?",SOCRATIC_Q,BRIDGE_RECAP,prereq->bridge_recap,"abstraction_attempt, algebraic, curiosity, question","abstraction_attempt, algebraic, curiosity, question"
3585,4,"i don't remember how to find the nth term properly, should i revise that first for this sum of ap?",SOCRATIC_Q,BRIDGE_RECAP,prereq->bridge_recap,"algebraic, curiosity, question","algebraic, curiosity, question"
3608,4,"distance formula is clear, can we try some problems with collinearity now?",EXPLAIN,TRANSFER_PROBLEM,advance->transfer_problem,"algebraic, curiosity, diagrammatic, high_confidence, procedural_focus, question","algebraic, curiosity, diagrammatic, high_confidence, procedural_focus, question"
3609,4,"too much theory today, my head is full. can we do something practical next?",EXPLAIN,ENCOURAGE,overload->encourage,"abstraction_attempt, cognitive_overload, curiosity, physical, question, transfer_attempt","abstraction_attempt, cognitive_overload, question, transfer_attempt"
3620,4,"this part is clear, can we go to the next concept now?",QUIZ,RESUME_STATE,advance->resume_state,"abstraction_attempt, curiosity, high_confidence, question","abstraction_attempt, curiosity, high_confidence, question"
3653,4,"i think i get how ap works now, what are the real life sums for it?",EXPLAIN,EXPLAIN,(labels-only),"algebraic, curiosity, physical, question, self_monitoring, transfer_attempt","algebraic, curiosity, question, self_monitoring, transfer_attempt"
3657,4,"this is too much for my brain right now, can we do something lighter for a bit?",EXPLAIN,ENCOURAGE,overload->encourage,"answer_attempt, cognitive_overload, curiosity, question, self_monitoring","answer_attempt, cognitive_overload, question, self_monitoring"
3734,4,"we learnt about basic trig ratios now, can we directly go to heights and distances? that seems more useful.",EXPLAIN,EXPLAIN,(labels-only),"curiosity, physical, question, simplification_request, transfer_attempt","curiosity, question, simplification_request, transfer_attempt"
3745,4,"i know basic proportionality theorem very well from sample papers, can we skip direct applications and do harder ones?",EXPLAIN,TRANSFER_PROBLEM,advance->transfer_problem,"algebraic, curiosity, diagrammatic, disengagement, high_confidence, question, simplification_request, transfer_attempt","algebraic, curiosity, diagrammatic, disengagement, high_confidence, question, simplification_request, transfer_attempt"
3787,4,"i get the ratios part for trig, but can we see how to use it in real life like to find height of a tower or something? i'm curious.",EXPLAIN,EXPLAIN,(labels-only),"curiosity, physical, question, self_monitoring, transfer_attempt","curiosity, question, self_monitoring, transfer_attempt"
3814,4,"i don't remember how to find LCM by prime factorization, can you quickly explain it again before we do this HCF LCM relation?",SOCRATIC_Q,BRIDGE_RECAP,prereq->bridge_recap,"algebraic, curiosity, question","algebraic, curiosity, question"
3824,4,"uffff another property, this is so much to remember. can we just skip to problems na?",METACOGNITIVE_REFLECT,ENCOURAGE,overload->encourage,"curiosity, disengagement, question","disengagement, question"
3894,4,"i know how to find the nth term of an AP, like the formula an = a + (n-1)d, but how is that used in real life situations?",EXPLAIN,EXPLAIN,(labels-only),"algebraic, answer_attempt, curiosity, high_confidence, physical, procedural_focus, question, transfer_attempt","algebraic, answer_attempt, curiosity, high_confidence, procedural_focus, question, transfer_attempt"
3904,4,"similar figures is easy, can we move to BPT directly? that's the important one for boards.",EXPLAIN,RESUME_STATE,advance->resume_state,"algebraic, anxiety, curiosity, high_confidence, question, ready_for_next, topic_shift","algebraic, anxiety, curiosity, high_confidence, question, ready_for_next, topic_shift"
3921,4,"this is too much for my brain na, can we like do something else for a bit?",EXPLAIN,ENCOURAGE,overload->encourage,"cognitive_overload, curiosity, question, self_monitoring","cognitive_overload, question, self_monitoring"
3952,4,"i don't understand anything, i think i need to revise the basics first, can we do that?",BRIDGE_RECAP,BRIDGE_RECAP,(labels-only),"curiosity, prerequisite_awareness, prerequisite_weakness, question, self_monitoring, simplification_request","confusion, curiosity, prerequisite_awareness, prerequisite_weakness, question, self_monitoring, simplification_request"
3975,4,I'm still not fully understanding sin cos tan ratios. Is this gonna be a big problem for heights and distances later?,EXPLAIN,EXPLAIN,(labels-only),"algebraic, cognitive_overload, curiosity, physical, question, transfer_attempt","algebraic, cognitive_overload, curiosity, question, transfer_attempt"
4007,4,"okay i think i got this concept, what's next in the syllabus?",EXPLAIN,RESUME_STATE,advance->resume_state,"abstraction_attempt, answer_attempt, curiosity, high_confidence, question, ready_for_next, self_monitoring, topic_shift","abstraction_attempt, answer_attempt, curiosity, high_confidence, question, ready_for_next, self_monitoring, topic_shift"
4078,4,"i don't understand coordinate axes properly, like what is x and y. do i need to revise 9th class first?",BRIDGE_RECAP,BRIDGE_RECAP,(labels-only),"curiosity, prerequisite_awareness, prerequisite_weakness, question, self_monitoring","confusion, curiosity, prerequisite_awareness, prerequisite_weakness, question, self_monitoring"
4112,4,this is too much for my brain right now. can we just stop or do something lighter?,EXPLAIN,ENCOURAGE,overload->encourage,"answer_attempt, cognitive_overload, curiosity, question, self_monitoring","answer_attempt, cognitive_overload, question, self_monitoring"
4132,4,"i don't remember basic algebra, should i revise before this?",SOCRATIC_Q,BRIDGE_RECAP,prereq->bridge_recap,"curiosity, question, simplification_request","curiosity, question, simplification_request"
4202,4,"i don't remember what a quadratic equation is, like how do we even identify it from others? should i revise that first?",SOCRATIC_Q,BRIDGE_RECAP,prereq->bridge_recap,"algebraic, curiosity, question","algebraic, curiosity, question"
4263,4,"wait, I'm stuck here. How did we get this step for zeroes of polynomial? I forgot how to manipulate algebraic expressions like this. Should I revise algebra first?",BRIDGE_RECAP,BRIDGE_RECAP,(labels-only),"algebraic, confusion, curiosity, low_confidence, prerequisite_awareness, prerequisite_weakness, procedural_focus, question, self_correction","algebraic, confusion, curiosity, low_confidence, physical, prerequisite_awareness, prerequisite_weakness, procedural_focus, question, self_correction"
4434,4,i don't understand what the question is asking only. is this related to something we did before?,SOCRATIC_Q,EXPLAIN,confusion->explain,"curiosity, question","confusion, curiosity, question"
4580,5,"everyone else understands this, why am i always the one struggling?",SOCRATIC_Q,ENCOURAGE,giveup->encourage,"curiosity, question",question
4601,5,i think i'm just not good at math. i don't understand anything today.,ENCOURAGE,ENCOURAGE,(labels-only),"low_confidence, self_monitoring","confusion, low_confidence, self_monitoring"
4626,5,i don't understand when parallel lines or coincident lines come for linear equations. i always mix up the a1/a2 ratios. this chapter is so hard for me.,REVIEW,REVIEW,(labels-only),"curiosity, diagrammatic, low_confidence, question, recurring_error, self_monitoring","confusion, curiosity, diagrammatic, low_confidence, question, recurring_error, self_monitoring"
4656,5,"this root 2 irrational proof na, my brain just freezes, i always mess up the squaring part, i think i'll fail this in exam",EXPLAIN,ENCOURAGE,giveup->encourage,"abstraction_attempt, algebraic, anxiety, cognitive_overload, low_confidence, recurring_error, self_monitoring","abstraction_attempt, algebraic, anxiety, cognitive_overload, low_confidence, recurring_error, self_monitoring"
4692,5,"this is just too much, i think my brain is going to explode.",EXPLAIN,ENCOURAGE,overload->encourage,"cognitive_overload, self_monitoring","cognitive_overload, self_monitoring"
4743,5,all these methods for mean of grouped data are too much for my head. i always mix up which formula to use and end up getting wrong answer.,EXPLAIN,ENCOURAGE,overload->encourage,"algebraic, cognitive_overload, confusion, curiosity, low_confidence, procedural_focus, question, recurring_error, self_monitoring","algebraic, cognitive_overload, confusion, low_confidence, procedural_focus, question, recurring_error, self_monitoring"
4749,5,"i'm just not getting anything today, my brain is not working.",EXPLAIN,ENCOURAGE,overload->encourage,"cognitive_overload, confusion, self_monitoring","cognitive_overload, confusion, self_monitoring"
4765,5,"i just don't understand anything today, my mind is blank, i feel so dumb",ENCOURAGE,ENCOURAGE,(labels-only),"frustration, low_confidence, physical, self_monitoring","confusion, frustration, low_confidence, physical, self_monitoring"
4789,5,"can we just skip this chapter please, i don't understand anything only, my head hurts",RESUME_STATE,RESUME_STATE,(labels-only),"cognitive_overload, curiosity, disengagement, question, ready_for_next, topic_shift","cognitive_overload, confusion, curiosity, disengagement, question, ready_for_next, topic_shift"
4792,5,"BPT theorem, i understand the statement but when problem comes, i can't apply it correctly, i think i don't understand it fully",EXPLAIN,EXPLAIN,(labels-only),"algebraic, cognitive_overload, curiosity, low_confidence, question, self_monitoring, transfer_attempt","algebraic, cognitive_overload, confusion, curiosity, low_confidence, question, self_monitoring, transfer_attempt"
4803,5,"mean, median, mode. all these grouped data things are so much to remember. i'll definitely make a calculation mistake.",EXPLAIN,ENCOURAGE,overload->encourage,"algebraic, procedural_focus","algebraic, procedural_focus"
4849,5,"this is all just too much for my brain, i want to cry.",EXPLAIN,ENCOURAGE,overload->encourage,"cognitive_overload, self_monitoring","cognitive_overload, self_monitoring"
4900,5,"this proof by contradiction... i just memorize steps but i don't understand logic, how will i explain it if teacher asks?",EXPLAIN,EXPLAIN,(labels-only),"abstraction_attempt, algebraic, conflict, curiosity, procedural_focus, question, shortcut_seeking","abstraction_attempt, algebraic, conflict, confusion, curiosity, procedural_focus, question, shortcut_seeking"
4954,5,"i feel like i am so far behind everyone else, i don't understand anything in class anymore.",REPRESENTATION_TRANSLATION,REPRESENTATION_TRANSLATION,(labels-only),"physical, representation_shift, request_representation","confusion, physical, representation_shift, request_representation"
4957,5,"what if this comes in board exam? i will totally fail, i don't understand anything.",EXPLAIN,EXPLAIN,(labels-only),"anxiety, curiosity, environmental_feedback, low_confidence, question","anxiety, confusion, curiosity, environmental_feedback, low_confidence, question"
5023,5,"all these trig identities, sine square theta plus cos square theta equals one, it just feels like mugging up, i don't understand where they even come from. i'll never remember them.",METACOGNITIVE_REFLECT,METACOGNITIVE_REFLECT,(labels-only),"algebraic, curiosity, question, shortcut_seeking, transfer_attempt","algebraic, confusion, curiosity, question, shortcut_seeking, transfer_attempt"
5053,5,is this chapter really important for boards? it feels so tough and i can't understand anything.,EXPLAIN,EXPLAIN,(labels-only),"anxiety, curiosity, low_confidence, question, self_monitoring","anxiety, confusion, curiosity, low_confidence, question, self_monitoring"
5062,5,"i just don't understand why math is so hard for me, everyone else seems to get it.",SOCRATIC_Q,EXPLAIN,confusion->explain,"curiosity, question, self_monitoring","confusion, curiosity, question, self_monitoring"
5107,5,i think i'm just not good at math. i don't understand anything.,ENCOURAGE,ENCOURAGE,(labels-only),"low_confidence, self_monitoring","confusion, low_confidence, self_monitoring"
5114,5,"i just don't know if i can do this, my brain is not working today.",EXPLAIN,ENCOURAGE,overload->encourage,"cognitive_overload, confusion, curiosity, question, self_monitoring","cognitive_overload, confusion, question, self_monitoring"
5144,5,"i just don't understand anything today, my brain is not working.",EXPLAIN,ENCOURAGE,overload->encourage,"cognitive_overload, confusion, self_monitoring","cognitive_overload, confusion, self_monitoring"
5175,5,"i just feel so lost, i don't understand anything from what you are saying now, i feel like giving up.",REPRESENTATION_TRANSLATION,REPRESENTATION_TRANSLATION,(labels-only),"curiosity, physical, question, representation_shift, request_representation","confusion, curiosity, physical, question, representation_shift, request_representation"
5199,5,"the sum of n terms formula, i always forget if it's n/2 (a + l) or n/2 (2a + (n-1)d). why are there two formulas? i don't understand when to use which.",BRIDGE_RECAP,BRIDGE_RECAP,(labels-only),"algebraic, curiosity, low_confidence, prerequisite_awareness, prerequisite_weakness, procedural_focus, question, recurring_error","algebraic, confusion, curiosity, low_confidence, prerequisite_awareness, prerequisite_weakness, procedural_focus, question, recurring_error"
5204,5,i don't even know why I'm trying. this is too much for my brain.,EXPLAIN,ENCOURAGE,overload->encourage,"cognitive_overload, curiosity, question, self_monitoring","cognitive_overload, question, self_monitoring"
5262,5,"i am just guessing all the time, nothing makes sense anymore, it's just too much to remember.",EXPLAIN,ENCOURAGE,overload->encourage,cognitive_overload,cognitive_overload
5334,5,"i don't think i can ever get good marks in maths, i always mess up calculations n all",EXPLAIN,ENCOURAGE,giveup->encourage,"anxiety, low_confidence, recurring_error, self_monitoring","anxiety, low_confidence, recurring_error, self_monitoring"
5346,5,i can't understand these proof by contradiction only. i feel like i am not smart enough for this kind of math.,ENCOURAGE,ENCOURAGE,(labels-only),"abstraction_attempt, algebraic, frustration, low_confidence, physical, self_monitoring","abstraction_attempt, algebraic, confusion, frustration, low_confidence, physical, self_monitoring"
5351,5,"mean median mode all seem same only to me, i don't understand when to use which. i feel so lost in statistics.",REPRESENTATION_TRANSLATION,REPRESENTATION_TRANSLATION,(labels-only),"algebraic, curiosity, physical, question, representation_shift, request_representation","algebraic, confusion, curiosity, physical, question, representation_shift, request_representation"
5353,5,"bpt theorem, i can never apply it right in complex diagrams. i just don't have the brain for geometry.",EXPLAIN,ENCOURAGE,giveup->encourage,"algebraic, cognitive_overload, diagrammatic, self_monitoring, transfer_attempt","algebraic, cognitive_overload, diagrammatic, self_monitoring, transfer_attempt"
5362,5,"i am totally lost, i don't understand anything today.",EXPLAIN,EXPLAIN,(labels-only),self_monitoring,"confusion, self_monitoring"
5370,5,how to prove SSS similarity when sides are like really mixed up? i get confused what to match. this is too much for me.,EXPLAIN,ENCOURAGE,overload->encourage,"abstraction_attempt, cognitive_overload, confusion, curiosity, question, self_monitoring","abstraction_attempt, cognitive_overload, confusion, question, self_monitoring"
5515,5,i just don't understand anything today. my brain is totally shut off.,EXPLAIN,EXPLAIN,(labels-only),"cognitive_overload, self_monitoring","cognitive_overload, confusion, self_monitoring"
5525,5,"these pythagorean identities are so confusing, i always mess them up in exams. i think i will never get it right.",EXPLAIN,ENCOURAGE,giveup->encourage,"algebraic, anxiety, confusion, low_confidence, recurring_error, self_monitoring","algebraic, anxiety, confusion, low_confidence, recurring_error, self_monitoring"
5610,6,"just tell me the next step, i don't want to think too much now, my head is full.",EXPLAIN,ENCOURAGE,overload->encourage,"cognitive_overload, procedural_focus, shortcut_seeking","cognitive_overload, procedural_focus, shortcut_seeking"
5897,6,"ok i got this type, can we move to board exam type questions now please?",EXPLAIN,RESUME_STATE,advance->resume_state,"answer_attempt, anxiety, curiosity, environmental_feedback, high_confidence, question, ready_for_next, topic_shift","answer_attempt, anxiety, curiosity, environmental_feedback, high_confidence, question, ready_for_next, topic_shift"
6055,6,"the sum of n terms of AP formula, where is it used most commonly in board problems? can you show an example with just that formula?",EXPLAIN,WORKED_EXAMPLE,numeric_example->worked_example,"algebraic, anxiety, curiosity, environmental_feedback, procedural_focus, question","algebraic, anxiety, curiosity, environmental_feedback, example_request, procedural_focus, question"
6179,6,can you just show one full sum from start to end without too much explanation?,EXPLAIN,WORKED_EXAMPLE,numeric_example->worked_example,"cognitive_overload, curiosity, question","cognitive_overload, curiosity, example_request, question"
6290,6,"BPT theorem is easy, just apply the ratio. What's next for boards in triangles?",EXPLAIN,RESUME_STATE,advance->resume_state,"algebraic, anxiety, curiosity, diagrammatic, high_confidence, question, ready_for_next, topic_shift, transfer_attempt","algebraic, anxiety, curiosity, diagrammatic, high_confidence, question, ready_for_next, topic_shift, transfer_attempt"
6361,6,"ok done with this, what is the next topic we have to finish for syllabus?",EXPLAIN,RESUME_STATE,advance->resume_state,"curiosity, question, ready_for_next, topic_shift","curiosity, question, ready_for_next, topic_shift"
6464,6,Can we just move to the next topic? I already know this much for the exam perspective.,EXPLAIN,RESUME_STATE,advance->resume_state,"anxiety, curiosity, environmental_feedback, high_confidence, question, ready_for_next, topic_shift","anxiety, curiosity, environmental_feedback, high_confidence, question, ready_for_next, topic_shift"
6535,6,"Mean formula for grouped data, assumed mean is enough na? Direct method takes too long and my calculations are always wrong.",EXPLAIN,EXPLAIN,(labels-only),"algebraic, confusion, curiosity, low_confidence, procedural_focus, question, recurring_error, self_correction","algebraic, confusion, curiosity, low_confidence, procedural_focus, question, recurring_error"
6653,6,"probability formula yaad hai, par use kaise karna hai, just give me example sums.",EXPLAIN,WORKED_EXAMPLE,numeric_example->worked_example,"algebraic, curiosity, example_request, procedural_focus, shortcut_seeking","algebraic, curiosity, example_request, procedural_focus, shortcut_seeking"
6725,7,i think the answer key is wrong for this one. i got something else.,EXPLAIN,EXPLAIN,(labels-only),"answer_attempt, conflict, confusion, low_confidence, procedural_focus, self_correction, self_monitoring","answer_attempt, conflict, confusion, low_confidence, procedural_focus, self_monitoring"
6729,7,"The area of segment question, my textbook's answer is a bit different. Is there another way to calculate it or is my calculation wrong?",EXPLAIN,EXPLAIN,(labels-only),"algebraic, answer_attempt, conflict, confusion, curiosity, diagrammatic, low_confidence, procedural_focus, question, self_correction","algebraic, answer_attempt, conflict, confusion, curiosity, diagrammatic, low_confidence, procedural_focus, question"
6739,7,"i don't understand, my school teacher always says to do it this way, but you are showing some other way. which one is right for exam?",EXPLAIN,EXPLAIN,(labels-only),"answer_attempt, anxiety, conflict, curiosity, question, recurring_error","answer_attempt, anxiety, conflict, confusion, curiosity, question, recurring_error"
6807,7,"my science teacher said there are no perfect lines or circles in real life, so why we are learning about exact tangents for circles then? it's all imaginary na?",EXPLAIN,EXPLAIN,(labels-only),"conflict, curiosity, diagrammatic, physical, question, transfer_attempt","conflict, curiosity, diagrammatic, question, transfer_attempt"
6812,7,"i don't understand why this formula is like this, it seems too easy. is there a catch for board exams or something?",EXPLAIN,EXPLAIN,(labels-only),"algebraic, anxiety, curiosity, environmental_feedback, high_confidence, procedural_focus, question","algebraic, anxiety, confusion, curiosity, environmental_feedback, procedural_focus, question"
6946,7,"this problem with cards, my textbook says answer is one by fifty-two, but my teacher got one by twenty-six for queen of hearts. how is that possible, isn't there only one queen of hearts?",EXPLAIN,EXPLAIN,(labels-only),"answer_attempt, conflict, curiosity, physical, procedural_focus, question","answer_attempt, conflict, curiosity, procedural_focus, question"
7046,7,is this topic actually useful in real life or just for exams? my dad says maths is only for marks sometimes.,EXPLAIN,EXPLAIN,(labels-only),"anxiety, curiosity, physical, question, transfer_attempt","anxiety, curiosity, question, transfer_attempt"
7148,7,"In my textbook, the answer for this sum of AP is different. Is the formula wrong or my calculation?",EXPLAIN,EXPLAIN,(labels-only),"algebraic, conflict, confusion, curiosity, low_confidence, procedural_focus, question, self_correction","algebraic, conflict, confusion, curiosity, low_confidence, procedural_focus, question"
7173,7,This answer is different from what I got in my rough book. Is my calculation wrong or is this site giving some other method?,EXPLAIN,EXPLAIN,(labels-only),"answer_attempt, conflict, confusion, curiosity, low_confidence, procedural_focus, question, self_correction","answer_attempt, conflict, confusion, curiosity, low_confidence, procedural_focus, question"
7234,7,"My dad, he's an engineer, said probability sometimes goes over 1, like 150% chance of rain. But you said it's always 0 to 1. Which is true in real life?",EXPLAIN,EXPLAIN,(labels-only),"algebraic, curiosity, physical, question, transfer_attempt","algebraic, curiosity, question, transfer_attempt"
7258,7,The textbook has a different answer for this problem. Is there a mistake in the book or my calculation?,EXPLAIN,EXPLAIN,(labels-only),"conflict, curiosity, procedural_focus, question, self_correction","conflict, curiosity, procedural_focus, question"
7276,7,Teacher said probability is never more than 1. But I got 1.5 in my sum. Is my teacher wrong or my calculation?,EXPLAIN,EXPLAIN,(labels-only),"algebraic, answer_attempt, conflict, confusion, curiosity, low_confidence, procedural_focus, question, self_correction","algebraic, answer_attempt, conflict, confusion, curiosity, low_confidence, procedural_focus, question"
7333,7,I don't understand this. What you are saying now is completely opposite to what I learnt last year.,SOCRATIC_Q,EXPLAIN,confusion->explain,"curiosity, question","confusion, curiosity, question"
7335,7,"The example in the book has a different answer for this exact problem, but my calculation matches yours. Which one should I trust?",EXPLAIN,EXPLAIN,(labels-only),"conflict, curiosity, procedural_focus, question, self_correction","conflict, curiosity, procedural_focus, question"
7369,7,"i just don't understand why this topic is so difficult, everyone has a different explanation, like who is telling correct thing?",SOCRATIC_Q,EXPLAIN,confusion->explain,"curiosity, question","confusion, curiosity, question"
7389,7,"I don't understand why this formula works. My teacher just said to memorize it, but you're explaining it.",EXPLAIN,EXPLAIN,(labels-only),"algebraic, conflict, curiosity, procedural_focus, question, shortcut_seeking","algebraic, conflict, confusion, curiosity, procedural_focus, question, shortcut_seeking"
7582,7,"I calculated probability as 1.5, but my friend says it can't be more than 1. Is my calculation wrong or is probability sometimes more?",REVIEW,REVIEW,(labels-only),"algebraic, confusion, curiosity, low_confidence, procedural_focus, question, self_correction","algebraic, confusion, curiosity, low_confidence, procedural_focus, question"
7750,7,"My teacher taught us a hand trick for sin cos 0 30 45 60 90, it's so fast. Why don't you teach that? Is it not allowed?",REPRESENTATION_TRANSLATION,REPRESENTATION_TRANSLATION,(labels-only),"algebraic, conflict, curiosity, physical, question, representation_shift, request_representation, shortcut_seeking, skepticism","algebraic, conflict, curiosity, question, representation_shift, request_representation, shortcut_seeking, skepticism"
7783,8,"i am putting values into the distance formula but my calculation is always off, what am i doing wrong?",REVIEW,REVIEW,(labels-only),"algebraic, confusion, curiosity, low_confidence, procedural_focus, question, recurring_error, self_correction","algebraic, confusion, curiosity, low_confidence, procedural_focus, question, recurring_error"
7814,8,"my answer doesn't match the book but i checked my calculations, something is off with my understanding only i think",EXPLAIN,EXPLAIN,(labels-only),"conflict, procedural_focus, self_correction, self_monitoring","conflict, procedural_focus, self_monitoring"
7819,8,"This parabola graph just looks weird, i don't understand what it's trying to show.",REPRESENTATION_TRANSLATION,REPRESENTATION_TRANSLATION,(labels-only),"algebraic, curiosity, graphical, question, representation_shift, request_representation","algebraic, confusion, curiosity, graphical, question, representation_shift, request_representation"
7841,8,"i write the steps for root 2 irrational but i don't understand why we do this contradiction part, it feels like cheating or something",SOCRATIC_Q,EXPLAIN,confusion->explain,"algebraic, curiosity, procedural_focus, question","algebraic, confusion, curiosity, procedural_focus, question"
7844,8,"when we combine shapes, like a cone on a cylinder, i always get confused about which parts surface area to take, something is not right with my calculation when i compare with ans",VERBAL_ANALOGY,VERBAL_ANALOGY,(labels-only),"algebraic, answer_attempt, confusion, curiosity, diagrammatic, procedural_focus, question, recurring_error, self_correction, verbal_analogy","algebraic, answer_attempt, confusion, curiosity, diagrammatic, procedural_focus, question, recurring_error, verbal_analogy"
7854,8,"I just keep making silly mistakes in my calculations, it's not working out. I don't know why, i think i understand but answer is wrong.",REVIEW,REVIEW,(labels-only),"answer_attempt, confusion, curiosity, low_confidence, procedural_focus, question, recurring_error, self_correction, self_monitoring","answer_attempt, confusion, curiosity, low_confidence, procedural_focus, question, recurring_error, self_monitoring"
7858,8,"i just don't understand anything on this page, it's all blank in my head",EXPLAIN,EXPLAIN,(labels-only),cognitive_overload,"cognitive_overload, confusion"
7863,8,"i put the numbers in the nth term formula, but the answer is not matching, something is off with my calculation or formula use",REVIEW,REVIEW,(labels-only),"algebraic, answer_attempt, confusion, low_confidence, procedural_focus, self_correction","algebraic, answer_attempt, confusion, low_confidence, procedural_focus"
7884,8,"this segment area na, i am subtracting the triangle area but still it's wrong. where is the problem in my calculation?",REVIEW,REVIEW,(labels-only),"algebraic, confusion, curiosity, diagrammatic, low_confidence, procedural_focus, question, self_correction","algebraic, confusion, curiosity, diagrammatic, low_confidence, procedural_focus, question"
7893,8,"the parabola, sometimes it's opening up, sometimes down, and i don't understand why. what makes it go that way?",EXPLAIN,EXPLAIN,(labels-only),"algebraic, curiosity, graphical, question","algebraic, confusion, curiosity, graphical, question"
7911,8,"i put values in the sum of n terms formula but the answer is not matching, something is wrong with my calculation or what?",REVIEW,REVIEW,(labels-only),"algebraic, answer_attempt, confusion, curiosity, low_confidence, procedural_focus, question, self_correction","algebraic, answer_attempt, confusion, curiosity, low_confidence, procedural_focus, question"
7962,8,"i just don't understand the point of all this, like what are we even trying to achieve here?",SOCRATIC_Q,EXPLAIN,confusion->explain,"curiosity, question","confusion, curiosity, question"
7981,8,"these combine solids sums, i don't understand what to add and what to ignore for surface area",EXPLAIN,EXPLAIN,(labels-only),"algebraic, curiosity, diagrammatic, question","algebraic, confusion, curiosity, diagrammatic, question"
7990,8,"the sum of all probabilities is 1, but my calculation for specific events is coming more than 1 always, what is the mistake here?",SOCRATIC_Q,SOCRATIC_Q,(labels-only),"curiosity, procedural_focus, question, self_correction","curiosity, procedural_focus, question"
7994,8,"what's the big picture here? i am just mugging up formulas, i don't know where this whole chapter is going.",REPRESENTATION_TRANSLATION,EXPLAIN,utility->explain,"confusion, curiosity, question, representation_shift, request_representation, shortcut_seeking","confusion, curiosity, question, shortcut_seeking"
7995,8,"the line for substitution, how to get the value of y after that, my calculation is always messy here and answer is wrong",REVIEW,REVIEW,(labels-only),"algebraic, answer_attempt, confusion, curiosity, diagrammatic, low_confidence, procedural_focus, question, recurring_error, self_correction","algebraic, answer_attempt, confusion, curiosity, diagrammatic, low_confidence, procedural_focus, question, recurring_error"
8000,8,"i used the quadratic formula, but the roots are not coming out perfect, is my calculation wrong or the question is weird?",REVIEW,REVIEW,(labels-only),"algebraic, confusion, curiosity, low_confidence, procedural_focus, question, self_correction","algebraic, confusion, curiosity, low_confidence, procedural_focus, question"
8019,8,"the mean for this grouped data sum is not coming out right, like something is off with my calculation.",EXPLAIN,EXPLAIN,(labels-only),"algebraic, answer_attempt, procedural_focus, self_correction","algebraic, answer_attempt, procedural_focus"
8079,8,"i get the nth term formula but when i put numbers in my answer is always different from the book, something is wrong with my calculation",EXPLAIN,EXPLAIN,(labels-only),"algebraic, answer_attempt, conflict, confusion, curiosity, low_confidence, procedural_focus, question, recurring_error, self_correction, self_monitoring","algebraic, answer_attempt, conflict, confusion, curiosity, low_confidence, procedural_focus, question, recurring_error, self_monitoring"
8083,8,"my answer is not matching, i did all the steps but something is wrong with my calculation maybe, i can't find it",REVIEW,REVIEW,(labels-only),"answer_attempt, confusion, low_confidence, procedural_focus, self_correction, self_monitoring","answer_attempt, confusion, low_confidence, procedural_focus, self_monitoring"
8100,8,"i used the formula for quadratic but my answer is not coming out correct, something in my calculation is always wrong",REVIEW,REVIEW,(labels-only),"algebraic, answer_attempt, confusion, low_confidence, procedural_focus, recurring_error, self_correction","algebraic, answer_attempt, confusion, low_confidence, procedural_focus, recurring_error"
8129,8,my mind is just blanking out looking at these numbers. i think i need a break or something,EXPLAIN,ENCOURAGE,overload->encourage,self_monitoring,self_monitoring
8150,8,"my head is just spinning, everything is too complicated, i can't understand anything right now",ENCOURAGE,ENCOURAGE,(labels-only),"answer_attempt, cognitive_overload, low_confidence, self_monitoring","answer_attempt, cognitive_overload, confusion, low_confidence, self_monitoring"
8193,8,"these proofs by contradiction feel like magic, how does assuming opposite help? i don't understand the logic behind it.",REPRESENTATION_TRANSLATION,REPRESENTATION_TRANSLATION,(labels-only),"abstraction_attempt, curiosity, physical, question, representation_shift, request_representation","abstraction_attempt, confusion, curiosity, physical, question, representation_shift, request_representation"
8217,8,"i dunno, it's just not clicking for me today, my brain is not working only",EXPLAIN,ENCOURAGE,overload->encourage,"cognitive_overload, confusion, self_monitoring","cognitive_overload, confusion, self_monitoring"
8257,8,"i did the sum like you showed but the answer is not matching my book, something feels wrong with my calculation only",EXPLAIN,EXPLAIN,(labels-only),"answer_attempt, conflict, confusion, curiosity, low_confidence, procedural_focus, self_correction","answer_attempt, conflict, confusion, curiosity, low_confidence, procedural_focus"
8270,8,"i applied the formula for mean but still my value is not matching, something wrong with my calculation method, i think.",REVIEW,REVIEW,(labels-only),"algebraic, confusion, low_confidence, procedural_focus, self_correction, self_monitoring","algebraic, confusion, low_confidence, procedural_focus, self_monitoring"
8289,8,"my calculation is right, but the steps don't seem right now, something is not adding up",EXPLAIN,EXPLAIN,(labels-only),"answer_attempt, procedural_focus, self_correction","answer_attempt, procedural_focus"
8324,8,"something feels off with my answer, but i checked my calculations twice. is my method wrong?",REVIEW,REVIEW,(labels-only),"confusion, curiosity, low_confidence, procedural_focus, question, self_correction","confusion, curiosity, low_confidence, procedural_focus, question"
8358,8,"that you shape graph, like sometimes it opens up sometimes down. it's just weird. i don't understand what decides it for quadratic equations.",REPRESENTATION_TRANSLATION,REPRESENTATION_TRANSLATION,(labels-only),"algebraic, curiosity, diagrammatic, graphical, question, representation_shift, request_representation","algebraic, confusion, curiosity, diagrammatic, graphical, question, representation_shift, request_representation"
8359,8,"i feel like i'm making a mistake somewhere but can't find it, like something is just not right with my calculation.",REPRESENTATION_TRANSLATION,REPRESENTATION_TRANSLATION,(labels-only),"answer_attempt, curiosity, low_confidence, physical, procedural_focus, representation_shift, request_representation, self_correction","answer_attempt, curiosity, low_confidence, physical, procedural_focus, representation_shift, request_representation"
8389,8,"my calculations for surface area are coming out very large, like too large. is it correct? something is off in my method.",SOCRATIC_Q,SOCRATIC_Q,(labels-only),"algebraic, curiosity, procedural_focus, question, self_correction","algebraic, curiosity, procedural_focus, question"
8399,8,"my calculations are correct but answer is not coming right, like i double checked it.",EXPLAIN,EXPLAIN,(labels-only),"answer_attempt, procedural_focus, self_correction","answer_attempt, procedural_focus"
8409,8,"i am trying to do the sum but it's just not coming right, like something is off with my calculation or method.",EXPLAIN,EXPLAIN,(labels-only),"procedural_focus, self_correction",procedural_focus
8447,8,"i dunno what went wrong with this sum, the answer is not matching, something is off with my calculation",REVIEW,REVIEW,(labels-only),"answer_attempt, confusion, curiosity, low_confidence, procedural_focus, question, self_correction","answer_attempt, confusion, curiosity, low_confidence, procedural_focus, question"
8459,8,"i keep getting wrong answers for these AP sums even if i follow the formula, something is off with my calculation steps or understanding",REVIEW,REVIEW,(labels-only),"algebraic, confusion, low_confidence, procedural_focus, recurring_error, self_correction","algebraic, confusion, low_confidence, procedural_focus, recurring_error"
8461,8,"the proof for root 2 irrational, i don't understand how it starts from there only, the whole logic feels weird and not natural",SOCRATIC_Q,EXPLAIN,confusion->explain,"abstraction_attempt, algebraic, curiosity, question","abstraction_attempt, algebraic, confusion, curiosity, question"
8549,8,"my brain is feeling jammed, i don't understand anything now what to do",EXPLAIN,EXPLAIN,(labels-only),"cognitive_overload, curiosity, question, self_monitoring","cognitive_overload, confusion, curiosity, question, self_monitoring"
8643,8,"this is too hard for me. i don't understand anything, where do i even begin?",ENCOURAGE,ENCOURAGE,(labels-only),"curiosity, frustration, question, self_monitoring","confusion, curiosity, frustration, question, self_monitoring"
8648,8,"i used the quadratic formula but my answer is not matching the book, something is off with my calculation or steps.",EXPLAIN,EXPLAIN,(labels-only),"algebraic, answer_attempt, conflict, confusion, low_confidence, procedural_focus, self_correction","algebraic, answer_attempt, conflict, confusion, low_confidence, procedural_focus"
8659,8,"something just feels off in my calculation, i double checked but still no, is it always wrong or just sometimes?",REVIEW,REVIEW,(labels-only),"confusion, curiosity, low_confidence, procedural_focus, question, recurring_error, self_correction","confusion, curiosity, low_confidence, procedural_focus, question, recurring_error"
8683,8,"this whole thing, it feels too much. my brain is not working.",EXPLAIN,ENCOURAGE,overload->encourage,"cognitive_overload, confusion, self_monitoring","cognitive_overload, confusion, self_monitoring"
8685,8,"prob answer can't be more than 1 na? but my calculation is coming like 1.5, what went wrong?",REVIEW,REVIEW,(labels-only),"confusion, curiosity, low_confidence, procedural_focus, question, self_correction","confusion, curiosity, low_confidence, procedural_focus, question"
8704,8,"i just feel lost now, i can't even explain what i don't understand. everything is just a mess, a big mess.",REPRESENTATION_TRANSLATION,REPRESENTATION_TRANSLATION,(labels-only),"curiosity, low_confidence, physical, question, representation_shift, request_representation, self_monitoring","confusion, curiosity, low_confidence, physical, question, representation_shift, request_representation, self_monitoring"
8708,8,"that you shape graph, it's not matching with my calculations. something is wrong here.",REPRESENTATION_TRANSLATION,REPRESENTATION_TRANSLATION,(labels-only),"confusion, diagrammatic, graphical, low_confidence, representation_shift, request_representation, self_correction","confusion, diagrammatic, graphical, low_confidence, representation_shift, request_representation"
8734,8,"When they combine shapes, like a cone on a cylinder, I just get confused where to add surface areas and where not to. My calculations are always wrong.",REVIEW,REVIEW,(labels-only),"confusion, curiosity, diagrammatic, low_confidence, question, recurring_error, self_correction","confusion, curiosity, diagrammatic, low_confidence, question, recurring_error"
8735,8,"Everything is just blurry, I need a restart or something. My head is full.",EXPLAIN,ENCOURAGE,overload->encourage,"cognitive_overload, confusion, self_monitoring","cognitive_overload, confusion, self_monitoring"
8776,8,"that area of segment question, my calculation is way off. it should be small number na, but it's coming too big.",EXPLAIN,EXPLAIN,(labels-only),"algebraic, diagrammatic, procedural_focus, self_correction","algebraic, diagrammatic, procedural_focus"
8843,8,"i write the distance formula but when i put coordinates to check collinearity, it just never works, something is wrong with my calculations i think.",REVIEW,REVIEW,(labels-only),"algebraic, confusion, curiosity, diagrammatic, low_confidence, procedural_focus, question, self_correction, self_monitoring","algebraic, confusion, curiosity, diagrammatic, low_confidence, procedural_focus, question, self_monitoring"
8893,9,"if i join a cone on a cylinder, how do i see the surface area change? like if i have actual models, will it be clearer?",EXPLAIN,REPRESENTATION_TRANSLATION,manipulative->repr_translation,"algebraic, curiosity, diagrammatic, high_confidence, question","algebraic, curiosity, diagrammatic, high_confidence, physical, question, representation_shift, request_representation"
8895,9,"this is all theory na, but how does it like actually work in real life? can you show with something?",EXPLAIN,EXPLAIN,(labels-only),"abstraction_attempt, curiosity, physical, question, transfer_attempt","abstraction_attempt, curiosity, question, transfer_attempt"
8900,9,"volume of combined solids, like if i have a cylinder and put a cone on top, can i fill them with water to see the volume?",EXPLAIN,EXPLAIN,(labels-only),"algebraic, curiosity, diagrammatic, physical, question","algebraic, curiosity, diagrammatic, question"
8902,9,i don't understand what this shape is trying to show. can we draw it out on a whiteboard or like make a model?,REPRESENTATION_TRANSLATION,REPRESENTATION_TRANSLATION,(labels-only),"curiosity, diagrammatic, environmental_feedback, physical, question, representation_shift, request_representation","confusion, curiosity, diagrammatic, environmental_feedback, physical, question, representation_shift, request_representation"
8911,9,"when we combine solids, like a cylinder and a cone, can we see it with actual models? like how they join up?",REPRESENTATION_TRANSLATION,REPRESENTATION_TRANSLATION,(labels-only),"curiosity, diagrammatic, question, representation_shift, request_representation","curiosity, diagrammatic, physical, question, representation_shift, request_representation"
8916,9,"similar figures like small triangle and big triangle, can we draw them on paper and cut them out to see they are same shape?",REPRESENTATION_TRANSLATION,REPRESENTATION_TRANSLATION,(labels-only),"curiosity, diagrammatic, question, representation_shift, request_representation","curiosity, diagrammatic, physical, question, representation_shift, request_representation"
8918,9,can we like use things around us to explain this math? like the wall or the table?,EXPLAIN,EXPLAIN,(labels-only),"curiosity, physical, question, tabular, transfer_attempt","curiosity, question, tabular, transfer_attempt"
8923,9,"BPT theorem, i see the lines parallel but how does it divide sides proportionally? can you draw it on paper and cut it to show?",REPRESENTATION_TRANSLATION,REPRESENTATION_TRANSLATION,(labels-only),"algebraic, curiosity, diagrammatic, question, representation_shift, request_representation","algebraic, curiosity, diagrammatic, physical, question, representation_shift, request_representation"
8980,9,"that you shape graph for quadratic, can we make it with wire or play-doh? to see how it curves",REPRESENTATION_TRANSLATION,REPRESENTATION_TRANSLATION,(labels-only),"algebraic, curiosity, diagrammatic, graphical, question, representation_shift, request_representation","algebraic, curiosity, diagrammatic, graphical, physical, question, representation_shift, request_representation"
8987,9,"this is too abstract, i need something i can hold or visualize better.",EXPLAIN,REPRESENTATION_TRANSLATION,manipulative->repr_translation,"abstraction_attempt, physical, self_monitoring","abstraction_attempt, physical, representation_shift, request_representation, self_monitoring"
8998,9,"BPT theorem na, can we like draw a triangle on paper and then cut it and show how the parallel line divides sides?",REPRESENTATION_TRANSLATION,REPRESENTATION_TRANSLATION,(labels-only),"algebraic, curiosity, diagrammatic, question, representation_shift, request_representation","algebraic, curiosity, diagrammatic, physical, question, representation_shift, request_representation"
9015,9,"if i put a hemisphere on top of a cylinder, how does the surface area change? can we use real objects to visualize it please?",EXPLAIN,REPRESENTATION_TRANSLATION,manipulative->repr_translation,"algebraic, curiosity, diagrammatic, question","algebraic, curiosity, diagrammatic, physical, question, representation_shift, request_representation"
9021,9,"this combined solids thing, like a hemisphere on a cylinder, how can i imagine the surface area? can we make it with play-doh?",VERBAL_ANALOGY,VERBAL_ANALOGY,(labels-only),"algebraic, curiosity, diagrammatic, question, verbal_analogy","algebraic, curiosity, diagrammatic, physical, question, verbal_analogy"
9029,9,"i just can't imagine this in my head, can we like draw it out on a big board or something?",EXPLAIN,REPRESENTATION_TRANSLATION,visual->repr_translation,"anxiety, cognitive_overload, curiosity, diagrammatic, environmental_feedback, low_confidence, question, representation_shift, request_representation, verbal_analogy","anxiety, cognitive_overload, curiosity, diagrammatic, environmental_feedback, low_confidence, question, representation_shift, request_representation"
9032,9,"i think i need to physically move things around to get this, my brain is not getting it",EXPLAIN,REPRESENTATION_TRANSLATION,manipulative->repr_translation,"cognitive_overload, physical, self_monitoring","cognitive_overload, physical, representation_shift, request_representation, self_monitoring"
9033,9,"that you shape graph na, can we like bend a wire or something to see how it forms?",REPRESENTATION_TRANSLATION,REPRESENTATION_TRANSLATION,(labels-only),"curiosity, diagrammatic, graphical, question, representation_shift, request_representation","curiosity, diagrammatic, graphical, physical, question, representation_shift, request_representation"
9039,9,"area of segment is so hard to picture, can we draw it on paper and cut it out to see how it works?",REPRESENTATION_TRANSLATION,REPRESENTATION_TRANSLATION,(labels-only),"algebraic, curiosity, diagrammatic, question, representation_shift, request_representation","algebraic, curiosity, diagrammatic, physical, question, representation_shift, request_representation"
9040,9,"that you shape graph for quadratic, can we like bend a wire to show it? then it makes sense why it crosses x-axis.",REPRESENTATION_TRANSLATION,REPRESENTATION_TRANSLATION,(labels-only),"algebraic, curiosity, diagrammatic, graphical, question, representation_shift, request_representation","algebraic, curiosity, diagrammatic, graphical, physical, question, representation_shift, request_representation"
9045,9,"sin cos for 30 45 60 degrees, can we use like actual triangles cut from paper and measure sides? i always forget.",REPRESENTATION_TRANSLATION,REPRESENTATION_TRANSLATION,(labels-only),"algebraic, curiosity, diagrammatic, low_confidence, prerequisite_awareness, prerequisite_weakness, question, recurring_error, representation_shift, request_representation","algebraic, curiosity, diagrammatic, low_confidence, physical, prerequisite_awareness, prerequisite_weakness, question, recurring_error, representation_shift, request_representation"
9048,9,"i need to see this working in front of me, like practically. can we use physical objects to prove it?",EXPLAIN,REPRESENTATION_TRANSLATION,manipulative->repr_translation,"abstraction_attempt, curiosity, physical, question, self_monitoring","abstraction_attempt, curiosity, physical, question, representation_shift, request_representation, self_monitoring"
9062,9,"for BPT theorem, if we draw lines on paper and cut them, will it prove anything? i need to see it working.",REPRESENTATION_TRANSLATION,REPRESENTATION_TRANSLATION,(labels-only),"abstraction_attempt, algebraic, curiosity, diagrammatic, question, representation_shift, request_representation, self_monitoring","abstraction_attempt, algebraic, curiosity, diagrammatic, physical, question, representation_shift, request_representation, self_monitoring"
9072,9,"how to understand surface area of combined solids, like a cylinder with cone on top? can we have actual models to see which part to count?",EXPLAIN,REPRESENTATION_TRANSLATION,manipulative->repr_translation,"algebraic, curiosity, diagrammatic, procedural_focus, question","algebraic, curiosity, diagrammatic, physical, procedural_focus, question, representation_shift, request_representation"
9110,9,"all these abstract ideas na, can we just use some real objects to see how it works?",SOCRATIC_Q,REPRESENTATION_TRANSLATION,manipulative->repr_translation,"abstraction_attempt, curiosity, question","abstraction_attempt, curiosity, physical, question, representation_shift, request_representation"
9116,9,"how can two triangles look different but still be similar? can we draw two triangles, like one small and one big, and cut them out to see this AAA similarity?",REPRESENTATION_TRANSLATION,REPRESENTATION_TRANSLATION,(labels-only),"curiosity, diagrammatic, question, representation_shift, request_representation","curiosity, diagrammatic, physical, question, representation_shift, request_representation"
9120,9,i think i understand but i wanna try it out myself with something i can hold,EXPLAIN,REPRESENTATION_TRANSLATION,manipulative->repr_translation,"physical, self_monitoring","physical, representation_shift, request_representation, self_monitoring"
9121,9,"for combined solids, like cylinder with a cone on top, how do we calculate volume? can we actually fill it with water to see?",EXPLAIN,EXPLAIN,(labels-only),"algebraic, curiosity, diagrammatic, physical, procedural_focus, question","algebraic, curiosity, diagrammatic, procedural_focus, question"
9122,9,"that you shape graph na, can we make it with wire or playdoh so I can see it's exact shape and zeroes?",REPRESENTATION_TRANSLATION,REPRESENTATION_TRANSLATION,(labels-only),"algebraic, curiosity, diagrammatic, graphical, question, representation_shift, request_representation, self_monitoring","algebraic, curiosity, diagrammatic, graphical, physical, question, representation_shift, request_representation, self_monitoring"
9125,9,"BPT theorem na, can we draw parallel lines on paper and cut them, to measure and see if the ratios are same?",REPRESENTATION_TRANSLATION,REPRESENTATION_TRANSLATION,(labels-only),"algebraic, curiosity, diagrammatic, question, representation_shift, request_representation","algebraic, curiosity, diagrammatic, physical, question, representation_shift, request_representation"
9135,9,"If i have a small triangle and a big triangle, can i like cut them out from paper and see if they are similar by superimposing or something?",REPRESENTATION_TRANSLATION,REPRESENTATION_TRANSLATION,(labels-only),"curiosity, diagrammatic, question, representation_shift, request_representation","curiosity, diagrammatic, physical, question, representation_shift, request_representation"
9160,9,"can we use something real na? like to actually hold it and move it around, then it will make sense.",EXPLAIN,REPRESENTATION_TRANSLATION,manipulative->repr_translation,"curiosity, physical, question","curiosity, physical, question, representation_shift, request_representation"
9178,9,"that you shape graph na, can we like bend a wire to see it? like how it opens up or down",REPRESENTATION_TRANSLATION,REPRESENTATION_TRANSLATION,(labels-only),"curiosity, diagrammatic, graphical, question, representation_shift, request_representation","curiosity, diagrammatic, graphical, physical, question, representation_shift, request_representation"
9182,9,"similar triangles na, can we like draw them on paper and cut them out and see? like put one on top of other",REPRESENTATION_TRANSLATION,REPRESENTATION_TRANSLATION,(labels-only),"curiosity, diagrammatic, question, representation_shift, request_representation","curiosity, diagrammatic, physical, question, representation_shift, request_representation"
9190,9,"sir, that theorem about tangent is perpendicular to radius, can we draw a circle on paper and use a scale to see if it's really 90 degrees?",REPRESENTATION_TRANSLATION,REPRESENTATION_TRANSLATION,(labels-only),"algebraic, curiosity, diagrammatic, question, representation_shift, request_representation","algebraic, curiosity, diagrammatic, physical, question, representation_shift, request_representation"
9192,9,"for BPT na, if we draw a triangle on paper and then cut it or something, can we see the ratios are same by measuring?",REPRESENTATION_TRANSLATION,REPRESENTATION_TRANSLATION,(labels-only),"algebraic, curiosity, diagrammatic, question, representation_shift, request_representation","algebraic, curiosity, diagrammatic, physical, question, representation_shift, request_representation"
9194,9,"i wish i had something to play with, to change the values and see what happens for myself.",REPRESENTATION_TRANSLATION,REPRESENTATION_TRANSLATION,(labels-only),"curiosity, physical, question, representation_shift, request_representation","curiosity, question, representation_shift, request_representation"
9204,9,"the area of segment, can we shade it or something? like cut it out from paper to see what part it is.",REPRESENTATION_TRANSLATION,REPRESENTATION_TRANSLATION,(labels-only),"algebraic, curiosity, diagrammatic, question, representation_shift, request_representation","algebraic, curiosity, diagrammatic, physical, question, representation_shift, request_representation"
9210,9,"How do we get the area of sector formula? Can we cut a paper circle and like, make a slice and see it's area?",REPRESENTATION_TRANSLATION,REPRESENTATION_TRANSLATION,(labels-only),"algebraic, curiosity, diagrammatic, procedural_focus, question, representation_shift, request_representation","algebraic, curiosity, diagrammatic, physical, procedural_focus, question, representation_shift, request_representation"
9215,9,Can we like cut this angle from paper and check if it matches that other angle? it's easier to see.,REPRESENTATION_TRANSLATION,REPRESENTATION_TRANSLATION,(labels-only),"curiosity, diagrammatic, question, representation_shift, request_representation, simplification_request","curiosity, diagrammatic, physical, question, representation_shift, request_representation, simplification_request"
9219,9,i don't understand this proof by contradiction. can we use like marbles or blocks to show if something is true or false? like a logic game?,REPRESENTATION_TRANSLATION,REPRESENTATION_TRANSLATION,(labels-only),"abstraction_attempt, algebraic, curiosity, physical, question, representation_shift, request_representation","abstraction_attempt, algebraic, confusion, curiosity, physical, question, representation_shift, request_representation"
9241,9,"this proof by contradiction, is it like proving something wrong by acting it out in a play and showing how it messes up? can we try a simple case with like cards?",REVIEW,REVIEW,(labels-only),"abstraction_attempt, algebraic, confusion, curiosity, low_confidence, physical, question, simplification_request","abstraction_attempt, algebraic, confusion, curiosity, low_confidence, question, simplification_request"
9244,9,"show me with actual real objects na, like what does this even mean in real life?",EXPLAIN,REPRESENTATION_TRANSLATION,manipulative->repr_translation,"algebraic, curiosity, physical, question, representation_shift, request_representation, transfer_attempt","algebraic, curiosity, physical, question, representation_shift, request_representation, transfer_attempt"
9246,9,"the you shape graph, can we like bend a wire to make it and see how it changes when numbers change?",REPRESENTATION_TRANSLATION,REPRESENTATION_TRANSLATION,(labels-only),"curiosity, diagrammatic, graphical, question, representation_shift, request_representation","curiosity, diagrammatic, graphical, physical, question, representation_shift, request_representation"
9247,9,can we take some cutouts of like triangles and make them bigger or smaller but keep the same shape? for similar figures na.,EXPLAIN,REPRESENTATION_TRANSLATION,manipulative->repr_translation,"curiosity, diagrammatic, physical, question","curiosity, diagrammatic, physical, question, representation_shift, request_representation"
9254,9,"sector and segment, can we cut a paper circle and like, see which part is what? it's confusing without seeing it.",REPRESENTATION_TRANSLATION,REPRESENTATION_TRANSLATION,(labels-only),"algebraic, confusion, curiosity, diagrammatic, procedural_focus, question, representation_shift, request_representation","algebraic, confusion, curiosity, diagrammatic, physical, procedural_focus, question, representation_shift, request_representation"
9261,9,similar figures means same shape different size na? can we like draw two similar triangles on paper and then cut them out to check?,REPRESENTATION_TRANSLATION,REPRESENTATION_TRANSLATION,(labels-only),"curiosity, diagrammatic, question, representation_shift, request_representation","curiosity, diagrammatic, physical, question, representation_shift, request_representation"
9286,9,"that you shape graph na, can we like take a flexible wire or something and actually bend it to see how it changes? like when coefficients change?",REPRESENTATION_TRANSLATION,REPRESENTATION_TRANSLATION,(labels-only),"curiosity, diagrammatic, graphical, question, representation_shift, request_representation","curiosity, diagrammatic, graphical, physical, question, representation_shift, request_representation"
9292,9,"my brain does not get these theoretical explanations only, i need to actually try it out myself or see a real example with objects.",EXPLAIN,REPRESENTATION_TRANSLATION,manipulative->repr_translation,"cognitive_overload, self_monitoring","cognitive_overload, physical, representation_shift, request_representation, self_monitoring"
9295,9,"similar figures means same shape but different size na? can we like print two triangles, one small one big, and cut them to see they are same shape?",EXPLAIN,REPRESENTATION_TRANSLATION,manipulative->repr_translation,"curiosity, diagrammatic, question","curiosity, diagrammatic, physical, question, representation_shift, request_representation"
9296,9,"that parabola you shape na, can we like bend a wire or something to see how it forms, it just looks like a curve on paper.",REPRESENTATION_TRANSLATION,REPRESENTATION_TRANSLATION,(labels-only),"algebraic, curiosity, diagrammatic, graphical, question, representation_shift, request_representation","algebraic, curiosity, diagrammatic, graphical, physical, question, representation_shift, request_representation"
9311,9,"this is hard to imagine in my head, can we do something practical with it?",EXPLAIN,EXPLAIN,(labels-only),"cognitive_overload, curiosity, physical, question, transfer_attempt, verbal_analogy","cognitive_overload, curiosity, question, transfer_attempt, verbal_analogy"
9312,9,combined solids surface area is tough. can we see some actual models made by joining like a cone on top of cylinder? how to count sides then?,EXPLAIN,REPRESENTATION_TRANSLATION,manipulative->repr_translation,"algebraic, curiosity, diagrammatic, question","algebraic, curiosity, diagrammatic, physical, question, representation_shift, request_representation"
9317,9,that you shape graph na? can we like bend a wire or something to make it? i wanna see how it forms.,REPRESENTATION_TRANSLATION,REPRESENTATION_TRANSLATION,(labels-only),"curiosity, diagrammatic, graphical, question, representation_shift, request_representation","curiosity, diagrammatic, graphical, physical, question, representation_shift, request_representation"
9318,9,can we cut paper to see what you mean? like how that shape changes.,REPRESENTATION_TRANSLATION,REPRESENTATION_TRANSLATION,(labels-only),"algebraic, curiosity, diagrammatic, question, representation_shift, request_representation","algebraic, curiosity, diagrammatic, physical, question, representation_shift, request_representation"
9320,9,like ice cream cone na? how to find volume of that? can we like fill a real cone and cylinder with water and measure?,EXPLAIN,EXPLAIN,(labels-only),"algebraic, curiosity, diagrammatic, physical, question","algebraic, curiosity, diagrammatic, question"
9322,9,"similar triangles. if i cut two triangles from paper with same angles but different sizes, will they match perfectly if i put one on top? can we try?",REPRESENTATION_TRANSLATION,REPRESENTATION_TRANSLATION,(labels-only),"curiosity, diagrammatic, question, representation_shift, request_representation","curiosity, diagrammatic, physical, question, representation_shift, request_representation"
9328,9,"Similar figures, can you show with like two different size triangles cut from paper? Like one small one big but same shape.",REPRESENTATION_TRANSLATION,REPRESENTATION_TRANSLATION,(labels-only),"curiosity, diagrammatic, question, representation_shift, request_representation","curiosity, diagrammatic, physical, question, representation_shift, request_representation"
9334,9,Can you like point to something around us that shows this? Like in the room only?,EXPLAIN,EXPLAIN,(labels-only),"curiosity, physical, question, transfer_attempt","curiosity, question, transfer_attempt"
9345,9,"that you shape graph for quadratic, can we like bend a wire or something to make different parabolas? how does the formula change the bend?",REPRESENTATION_TRANSLATION,REPRESENTATION_TRANSLATION,(labels-only),"algebraic, curiosity, diagrammatic, graphical, procedural_focus, question, representation_shift, request_representation","algebraic, curiosity, diagrammatic, graphical, physical, procedural_focus, question, representation_shift, request_representation"
9364,9,"the BPT theorem, about parallel lines cutting sides proportionally. can we draw a big triangle on paper and then cut it into smaller similar triangles to see this?",REPRESENTATION_TRANSLATION,REPRESENTATION_TRANSLATION,(labels-only),"algebraic, curiosity, diagrammatic, question, representation_shift, request_representation","algebraic, curiosity, diagrammatic, physical, question, representation_shift, request_representation"
9375,9,"plotting points on a graph, can we like take a grid paper and plot these points for distance formula and see the length? it will be better to understand.",REPRESENTATION_TRANSLATION,REPRESENTATION_TRANSLATION,(labels-only),"algebraic, curiosity, diagrammatic, graphical, procedural_focus, question, representation_shift, request_representation","algebraic, curiosity, diagrammatic, graphical, physical, procedural_focus, question, representation_shift, request_representation"
9384,9,"i don't understand this concept at all, can we do a practical activity for it?",EXPLAIN,EXPLAIN,(labels-only),"abstraction_attempt, curiosity, physical, question, transfer_attempt","abstraction_attempt, confusion, curiosity, question, transfer_attempt"
9386,9,this diagram is confusing me so much. can we like use real objects to see this?,REPRESENTATION_TRANSLATION,REPRESENTATION_TRANSLATION,(labels-only),"confusion, curiosity, diagrammatic, question, representation_shift, request_representation","confusion, curiosity, diagrammatic, physical, question, representation_shift, request_representation"
9387,9,"the two tangents from external point na, how do they become equal? can we cut paper circle and check?",REPRESENTATION_TRANSLATION,REPRESENTATION_TRANSLATION,(labels-only),"curiosity, diagrammatic, question, representation_shift, request_representation","curiosity, diagrammatic, physical, question, representation_shift, request_representation"
9388,9,"similar figures like small triangle big triangle, can we like print them and cut them out and compare? it will be more clear.",EXPLAIN,REPRESENTATION_TRANSLATION,manipulative->repr_translation,"curiosity, diagrammatic, high_confidence, question, verbal_analogy","curiosity, diagrammatic, high_confidence, physical, question, representation_shift, request_representation, verbal_analogy"
9425,9,"i think i get it better if i can like manipulate something physically, i'm not an abstract thinker only.",QUIZ,REPRESENTATION_TRANSLATION,manipulative->repr_translation,"abstraction_attempt, high_confidence, self_monitoring","abstraction_attempt, high_confidence, physical, representation_shift, request_representation, self_monitoring"
9437,9,how that you shape graph comes? can we like bend a wire to show it? i want to see the curve.,REPRESENTATION_TRANSLATION,REPRESENTATION_TRANSLATION,(labels-only),"curiosity, diagrammatic, graphical, question, representation_shift, request_representation, self_monitoring","curiosity, diagrammatic, graphical, physical, question, representation_shift, request_representation, self_monitoring"
9440,9,"similar figures na, can we draw two triangles on paper and cut them out and like superimpose them to see they are same shape?",REPRESENTATION_TRANSLATION,REPRESENTATION_TRANSLATION,(labels-only),"curiosity, diagrammatic, question, representation_shift, request_representation","curiosity, diagrammatic, physical, question, representation_shift, request_representation"
9450,9,how does this actually work in real life? can we try it out with some real objects?,EXPLAIN,REPRESENTATION_TRANSLATION,manipulative->repr_translation,"curiosity, physical, question, transfer_attempt","curiosity, physical, question, representation_shift, request_representation, transfer_attempt"
9478,9,"when we combine shapes for surface area, like cylinder on cone, can we see it with actual models? i get confused what surface is exposed",REPRESENTATION_TRANSLATION,REPRESENTATION_TRANSLATION,(labels-only),"algebraic, confusion, curiosity, diagrammatic, question, representation_shift, request_representation, self_monitoring","algebraic, confusion, curiosity, diagrammatic, physical, question, representation_shift, request_representation, self_monitoring"
9501,9,"When we combine shapes like a cylinder and a cone, can we like take actual shapes and see how they fit together? or like cut them from paper?",REPRESENTATION_TRANSLATION,REPRESENTATION_TRANSLATION,(labels-only),"curiosity, diagrammatic, question, representation_shift, request_representation","curiosity, diagrammatic, physical, question, representation_shift, request_representation"
9502,9,Is there some real thing we can play with to understand this better? like something we can move around?,REPRESENTATION_TRANSLATION,REPRESENTATION_TRANSLATION,(labels-only),"curiosity, physical, question, representation_shift, request_representation","curiosity, question, representation_shift, request_representation"
9510,9,can you give me a graph paper so i can plot the points myself for this cartesian system? i always mess up positive and negative directions.,REPRESENTATION_TRANSLATION,REPRESENTATION_TRANSLATION,(labels-only),"curiosity, diagrammatic, graphical, low_confidence, question, recurring_error, representation_shift, request_representation, self_monitoring","curiosity, diagrammatic, graphical, low_confidence, physical, question, recurring_error, representation_shift, request_representation, self_monitoring"
9514,9,"similar figures na, what if we take two printouts of like a triangle, one small one big, and cut them out and compare? will that help?",EXPLAIN,REPRESENTATION_TRANSLATION,manipulative->repr_translation,"curiosity, diagrammatic, question, verbal_analogy","curiosity, diagrammatic, physical, question, representation_shift, request_representation, verbal_analogy"
9516,9,"that parabola thing, that you shape na, can we like bend a wire to show how it forms? maybe that helps me see it.",REPRESENTATION_TRANSLATION,REPRESENTATION_TRANSLATION,(labels-only),"algebraic, curiosity, diagrammatic, graphical, question, representation_shift, request_representation","algebraic, curiosity, diagrammatic, graphical, physical, question, representation_shift, request_representation"
9546,9,the two tangents from external point are equal na? can we like cut a paper circle and check with scale?,REPRESENTATION_TRANSLATION,REPRESENTATION_TRANSLATION,(labels-only),"curiosity, diagrammatic, question, representation_shift, request_representation","curiosity, diagrammatic, physical, question, representation_shift, request_representation"
9554,9,"BPT theorem, similar triangles n all. can we draw two triangles, cut them out and put one on top of other to see if they match?",REPRESENTATION_TRANSLATION,REPRESENTATION_TRANSLATION,(labels-only),"algebraic, curiosity, diagrammatic, question, representation_shift, request_representation","algebraic, curiosity, diagrammatic, physical, question, representation_shift, request_representation"
9557,9,"that you shape graph, for quadratic equation na? can we like plot it ourselves on graph paper with actual points to see how it curves?",REPRESENTATION_TRANSLATION,REPRESENTATION_TRANSLATION,(labels-only),"algebraic, curiosity, diagrammatic, graphical, question, representation_shift, request_representation","algebraic, curiosity, diagrammatic, graphical, physical, question, representation_shift, request_representation"
9565,9,"i need something physical to hold or move around to really understand what's happening here, reading is not enough.",EXPLAIN,REPRESENTATION_TRANSLATION,manipulative->repr_translation,"curiosity, environmental_feedback, physical, question, self_monitoring","curiosity, environmental_feedback, physical, question, representation_shift, request_representation, self_monitoring"
9572,9,"when we combine shapes for volume, how does the water level change? can we do it with water and some bottles?",EXPLAIN,EXPLAIN,(labels-only),"algebraic, curiosity, physical, question","algebraic, curiosity, question"
9578,9,"all these theories are too much, can you show me with some actual stuff how it works?",REPRESENTATION_TRANSLATION,REPRESENTATION_TRANSLATION,(labels-only),"cognitive_overload, curiosity, physical, question, representation_shift, request_representation","cognitive_overload, curiosity, question, representation_shift, request_representation"
9580,9,"parabola shape, can we like bend a wire to see how it forms for different equations?",EXPLAIN,REPRESENTATION_TRANSLATION,manipulative->repr_translation,"algebraic, curiosity, diagrammatic, graphical, question","algebraic, curiosity, diagrammatic, graphical, physical, question, representation_shift, request_representation"
9583,9,"this combined solid volume, can we like stack some boxes and cylinders and pour water in it to see the actual volume? is that possible?",EXPLAIN,EXPLAIN,(labels-only),"algebraic, curiosity, diagrammatic, physical, question","algebraic, curiosity, diagrammatic, question"
9610,9,"that you shape graph, how to draw it correctly? can we use like points on a grid paper to plot it?",REPRESENTATION_TRANSLATION,REPRESENTATION_TRANSLATION,(labels-only),"curiosity, diagrammatic, graphical, question, representation_shift, request_representation","curiosity, diagrammatic, graphical, physical, question, representation_shift, request_representation"
9631,9,"section formula, i don't understand how it divides the line. can we take a string and mark points, then see how it splits?",REPRESENTATION_TRANSLATION,REPRESENTATION_TRANSLATION,(labels-only),"algebraic, anxiety, curiosity, diagrammatic, physical, procedural_focus, question, representation_shift, request_representation","algebraic, anxiety, confusion, curiosity, diagrammatic, physical, procedural_focus, question, representation_shift, request_representation"
9636,9,can we like make that you shape graph of quadratic using a wire or something? like to actually bend it and see how it works,REPRESENTATION_TRANSLATION,REPRESENTATION_TRANSLATION,(labels-only),"algebraic, curiosity, diagrammatic, graphical, question, representation_shift, request_representation","algebraic, curiosity, diagrammatic, graphical, physical, question, representation_shift, request_representation"
9667,9,"that you shape graph na, can we like bend a wire to see how it forms? it will be more clear",REPRESENTATION_TRANSLATION,REPRESENTATION_TRANSLATION,(labels-only),"curiosity, diagrammatic, graphical, high_confidence, question, representation_shift, request_representation","curiosity, diagrammatic, graphical, high_confidence, physical, question, representation_shift, request_representation"
9668,9,"for volume of combined solids na, can we fill water in like a cone and a cylinder to see if the formulas really work?",EXPLAIN,EXPLAIN,(labels-only),"algebraic, curiosity, diagrammatic, physical, question","algebraic, curiosity, diagrammatic, question"
9673,9,"i need to see this working in real life na, not just formulas. is there a way?",EXPLAIN,EXPLAIN,(labels-only),"curiosity, physical, question, self_monitoring, transfer_attempt","curiosity, question, self_monitoring, transfer_attempt"
9681,9,"for similar triangles, can we cut two different size triangles from paper and put them one on top of other? to see that same shape thing.",REPRESENTATION_TRANSLATION,REPRESENTATION_TRANSLATION,(labels-only),"curiosity, diagrammatic, question, representation_shift, request_representation","curiosity, diagrammatic, physical, question, representation_shift, request_representation"
9682,9,this is too abstract na. can you show me with real objects how it works?,REPRESENTATION_TRANSLATION,REPRESENTATION_TRANSLATION,(labels-only),"abstraction_attempt, curiosity, question, representation_shift, request_representation","abstraction_attempt, curiosity, physical, question, representation_shift, request_representation"
9684,9,this is too much. can we play some math game with cards or something related to this chapter?,ENCOURAGE,ENCOURAGE,(labels-only),"cognitive_overload, curiosity, physical, question","cognitive_overload, curiosity, question"
9687,9,"the tangent line touching a circle at only one point, can we like draw a circle on paper and use a pencil to show it? just for me to see how it works",REPRESENTATION_TRANSLATION,REPRESENTATION_TRANSLATION,(labels-only),"curiosity, diagrammatic, question, representation_shift, request_representation, self_monitoring","curiosity, diagrammatic, physical, question, representation_shift, request_representation, self_monitoring"
9694,9,"BPT theorem, can we take a triangle drawn on paper and then cut it parallel to one side to see the ratios of the segments? like with a scissor?",REPRESENTATION_TRANSLATION,REPRESENTATION_TRANSLATION,(labels-only),"algebraic, curiosity, diagrammatic, question, representation_shift, request_representation","algebraic, curiosity, diagrammatic, physical, question, representation_shift, request_representation"
9704,9,can we actually try this out with real objects instead of just on paper?,REPRESENTATION_TRANSLATION,REPRESENTATION_TRANSLATION,(labels-only),"curiosity, diagrammatic, question, representation_shift, request_representation","curiosity, diagrammatic, physical, question, representation_shift, request_representation"
9712,9,"what exactly is similar figures? can we like cut two same shape triangles, one bigger one smaller, and put them next to each other?",EXPLAIN,REPRESENTATION_TRANSLATION,manipulative->repr_translation,"curiosity, diagrammatic, question","curiosity, diagrammatic, physical, question, representation_shift, request_representation"
9727,9,how do similar figures look like? can we like cut some shapes out of paper and then make them bigger or smaller to see?,REPRESENTATION_TRANSLATION,REPRESENTATION_TRANSLATION,(labels-only),"curiosity, diagrammatic, question, representation_shift, request_representation","curiosity, diagrammatic, physical, question, representation_shift, request_representation"
9732,9,can we do something practical with this? like make something?,EXPLAIN,EXPLAIN,(labels-only),"curiosity, physical, question, transfer_attempt","curiosity, question, transfer_attempt"
9739,9,"similar figures na, what if we take two different sized triangles, like cut them from paper and check if they superimpose if angles are same?",REPRESENTATION_TRANSLATION,REPRESENTATION_TRANSLATION,(labels-only),"curiosity, diagrammatic, question, representation_shift, request_representation","curiosity, diagrammatic, physical, question, representation_shift, request_representation"
9779,9,can you show me on a real graph paper how these points plot na? i always mess up the signs.,REPRESENTATION_TRANSLATION,REPRESENTATION_TRANSLATION,(labels-only),"curiosity, diagrammatic, graphical, low_confidence, question, recurring_error, representation_shift, request_representation","curiosity, diagrammatic, graphical, low_confidence, physical, question, recurring_error, representation_shift, request_representation"
9785,9,i just don't understand. can we try something with hands-on activity like using pen and paper to draw it out slowly?,REPRESENTATION_TRANSLATION,REPRESENTATION_TRANSLATION,(labels-only),"curiosity, diagrammatic, physical, question, representation_shift, request_representation","confusion, curiosity, diagrammatic, physical, question, representation_shift, request_representation"
9789,9,"that parabola shape, can we like bend a wire to make it and see how it cuts the x-axis? will help me see the zeroes",EXPLAIN,REPRESENTATION_TRANSLATION,manipulative->repr_translation,"algebraic, curiosity, diagrammatic, graphical, question","algebraic, curiosity, diagrammatic, graphical, physical, question, representation_shift, request_representation"
9792,9,"can we draw two similar triangles on paper, cut them out and put them on top of each other to see the angles are same?",REPRESENTATION_TRANSLATION,REPRESENTATION_TRANSLATION,(labels-only),"curiosity, diagrammatic, question, representation_shift, request_representation","curiosity, diagrammatic, physical, question, representation_shift, request_representation"
9803,9,how does that thales theorem work? can we cut some triangles out of paper and try to like move them around?,REPRESENTATION_TRANSLATION,REPRESENTATION_TRANSLATION,(labels-only),"algebraic, curiosity, diagrammatic, question, representation_shift, request_representation","algebraic, curiosity, diagrammatic, physical, question, representation_shift, request_representation"
9809,9,"if we have like two triangles on paper, can we cut them out and superimpose to see if they are similar? Like really check the angles.",REPRESENTATION_TRANSLATION,REPRESENTATION_TRANSLATION,(labels-only),"curiosity, diagrammatic, question, representation_shift, request_representation","curiosity, diagrammatic, physical, question, representation_shift, request_representation"
9813,9,"i want to see the parabola shape, like can we bend a wire or something to make that you shape? That will make sense for the quadratic graph.",REPRESENTATION_TRANSLATION,REPRESENTATION_TRANSLATION,(labels-only),"algebraic, curiosity, diagrammatic, graphical, question, representation_shift, request_representation, self_monitoring","algebraic, curiosity, diagrammatic, graphical, physical, question, representation_shift, request_representation, self_monitoring"
9821,9,"this geometry thing is so hard to imagine, can we draw it on paper and cut it out to see what happens?",REPRESENTATION_TRANSLATION,REPRESENTATION_TRANSLATION,(labels-only),"curiosity, diagrammatic, question, representation_shift, request_representation, verbal_analogy","curiosity, diagrammatic, physical, question, representation_shift, request_representation, verbal_analogy"
9823,9,"all these numbers on screen are confusing, can we just use some real objects to show this concept, please?",EXPLAIN,REPRESENTATION_TRANSLATION,manipulative->repr_translation,"abstraction_attempt, confusion, curiosity, environmental_feedback, question","abstraction_attempt, confusion, curiosity, environmental_feedback, physical, question, representation_shift, request_representation"
9826,9,how does this parabola thing look like? can we like use graph paper and plot points to see the you shape?,REPRESENTATION_TRANSLATION,REPRESENTATION_TRANSLATION,(labels-only),"algebraic, curiosity, diagrammatic, graphical, question, representation_shift, request_representation","algebraic, curiosity, diagrammatic, graphical, physical, question, representation_shift, request_representation"
9834,9,"i don't understand similar figures, can we like cut out two triangles, one big one small, to see if they are similar?",REPRESENTATION_TRANSLATION,REPRESENTATION_TRANSLATION,(labels-only),"curiosity, diagrammatic, physical, question, representation_shift, request_representation","confusion, curiosity, diagrammatic, physical, question, representation_shift, request_representation"
9839,9,"i don't get it abstractly, can we use some real life example or something i can hold?",EXPLAIN,REPRESENTATION_TRANSLATION,manipulative->repr_translation,"abstraction_attempt, confusion, curiosity, physical, question, self_monitoring, transfer_attempt","abstraction_attempt, confusion, curiosity, physical, question, representation_shift, request_representation, self_monitoring, transfer_attempt"
9849,9,"the BPT theorem, can we draw a triangle on paper and then cut it into pieces to show proportionality? like an activity?",REPRESENTATION_TRANSLATION,REPRESENTATION_TRANSLATION,(labels-only),"algebraic, curiosity, diagrammatic, question, representation_shift, request_representation","algebraic, curiosity, diagrammatic, physical, question, representation_shift, request_representation"
9857,9,how are similar figures made? can i like draw two triangles on paper and then cut them to see if they fit on each other by scaling?,REPRESENTATION_TRANSLATION,REPRESENTATION_TRANSLATION,(labels-only),"curiosity, diagrammatic, question, representation_shift, request_representation","curiosity, diagrammatic, physical, question, representation_shift, request_representation"
9866,9,"can we like make models for these things, it will be easier to understand na?",EXPLAIN,REPRESENTATION_TRANSLATION,manipulative->repr_translation,"curiosity, question, simplification_request","curiosity, physical, question, representation_shift, request_representation, simplification_request"
9867,9,"similar figures na, can we like print them and cut and put one on top of other to see if they are same shape?",EXPLAIN,REPRESENTATION_TRANSLATION,manipulative->repr_translation,"curiosity, diagrammatic, question","curiosity, diagrammatic, physical, question, representation_shift, request_representation"
9876,9,"i don't get this abstract stuff, can we please use some real objects to understand?",EXPLAIN,REPRESENTATION_TRANSLATION,manipulative->repr_translation,"abstraction_attempt, confusion, curiosity, question","abstraction_attempt, confusion, curiosity, physical, question, representation_shift, request_representation"
9883,9,"graphical method for linear equations, can we use a graph paper and like two strings for the lines to see where they cut?",REPRESENTATION_TRANSLATION,REPRESENTATION_TRANSLATION,(labels-only),"curiosity, diagrammatic, graphical, procedural_focus, question, representation_shift, request_representation","curiosity, diagrammatic, graphical, physical, procedural_focus, question, representation_shift, request_representation"
9886,9,"so similar figures, like can we take two different sized triangles of cardboard and see if angles are same and sides are proportional?",EXPLAIN,EXPLAIN,(labels-only),"curiosity, diagrammatic, physical, question","curiosity, diagrammatic, question"
9897,9,"i don't understand the meaning of this at all, can you draw it out or like show me with blocks?",REPRESENTATION_TRANSLATION,REPRESENTATION_TRANSLATION,(labels-only),"curiosity, diagrammatic, physical, question, representation_shift, request_representation","confusion, curiosity, diagrammatic, physical, question, representation_shift, request_representation"
9910,9,"basic proportionality theorem na, can we try drawing it on paper and cutting it to see the proportionality? like make actual similar triangles.",REPRESENTATION_TRANSLATION,REPRESENTATION_TRANSLATION,(labels-only),"algebraic, curiosity, diagrammatic, question, representation_shift, request_representation, simplification_request","algebraic, curiosity, diagrammatic, physical, question, representation_shift, request_representation, simplification_request"
9911,9,can you just show me like a practical demo for this thing? i think i will get it then.,REPRESENTATION_TRANSLATION,REPRESENTATION_TRANSLATION,(labels-only),"curiosity, physical, question, representation_shift, request_representation, self_monitoring, transfer_attempt","curiosity, question, representation_shift, request_representation, self_monitoring, transfer_attempt"
9922,9,"similar figures, can we like print two triangles, one big one small, and cut them out and see how they are similar?",EXPLAIN,REPRESENTATION_TRANSLATION,manipulative->repr_translation,"curiosity, diagrammatic, question","curiosity, diagrammatic, physical, question, representation_shift, request_representation"
9933,9,"surface area and volume of combined shapes, can we take like a bottle and a ball and actually join them to understand how to calculate?",REPRESENTATION_TRANSLATION,REPRESENTATION_TRANSLATION,(labels-only),"algebraic, curiosity, physical, procedural_focus, question, representation_shift, request_representation","algebraic, curiosity, procedural_focus, question, representation_shift, request_representation"
9934,9,"coordinate system, can we plot points on actual graph paper to see distances and midpoints and all? it's clearer that way.",REPRESENTATION_TRANSLATION,REPRESENTATION_TRANSLATION,(labels-only),"curiosity, diagrammatic, graphical, high_confidence, question, representation_shift, request_representation","curiosity, diagrammatic, graphical, high_confidence, physical, question, representation_shift, request_representation"
9936,9,"can we take two triangles, one small one big, and cut them out to see if they look similar? like literally put one on top of other",EXPLAIN,REPRESENTATION_TRANSLATION,manipulative->repr_translation,"curiosity, diagrammatic, question","curiosity, diagrammatic, physical, question, representation_shift, request_representation"
9949,9,"that parabola thing, that you shape graph. can we like bend a wire or something to see how it forms?",REPRESENTATION_TRANSLATION,REPRESENTATION_TRANSLATION,(labels-only),"algebraic, curiosity, diagrammatic, graphical, question, representation_shift, request_representation","algebraic, curiosity, diagrammatic, graphical, physical, question, representation_shift, request_representation"
9953,9,similar figures. can we draw two different size triangles and cut them out? then put one on top of other to check angles.,REPRESENTATION_TRANSLATION,REPRESENTATION_TRANSLATION,(labels-only),"curiosity, diagrammatic, question, representation_shift, request_representation","curiosity, diagrammatic, physical, question, representation_shift, request_representation"
9966,9,"that you shape graph na, can we like bend a wire or something to see how it changes when values change?",REPRESENTATION_TRANSLATION,REPRESENTATION_TRANSLATION,(labels-only),"curiosity, diagrammatic, graphical, question, representation_shift, request_representation","curiosity, diagrammatic, graphical, physical, question, representation_shift, request_representation"
9982,9,"for BPT na, can we try cutting paper or something to show the ratios are same? visually it might help.",REPRESENTATION_TRANSLATION,REPRESENTATION_TRANSLATION,(labels-only),"algebraic, curiosity, diagrammatic, question, representation_shift, request_representation","algebraic, curiosity, diagrammatic, physical, question, representation_shift, request_representation"
9983,9,"can we do a small activity for this, like a practical thing, then i will get it.",EXPLAIN,EXPLAIN,(labels-only),"curiosity, physical, question, transfer_attempt","curiosity, question, transfer_attempt"
9994,9,"when combining shapes na, like a cone on a cylinder, can we use actual models or something? i can't visualize this in my head.",EXPLAIN,REPRESENTATION_TRANSLATION,manipulative->repr_translation,"cognitive_overload, curiosity, diagrammatic, low_confidence, question, self_monitoring","cognitive_overload, curiosity, diagrammatic, low_confidence, physical, question, representation_shift, request_representation, self_monitoring"
9997,9,How volume changes when we pour water from one shape to another? Can we do this experiment type thing?,EXPLAIN,EXPLAIN,(labels-only),"algebraic, curiosity, diagrammatic, physical, question","algebraic, curiosity, diagrammatic, question"
